date,ret_pct,kp_chain,la_chain,kp_panchang,la_panchang
2021-08-10,0.033,0.17,0.17,1.5,1.5
2021-08-11,-0.276,0.5,0.5,2.5,2.5
2021-08-12,0.373,0.5,0.5,0.5,0.5
2021-08-13,0.875,0.25,0.25,2.5,2.5
2021-08-16,0.27,0.06,0.06,2.5,2.5
2021-08-17,0.419,0.0,0.0,0.5,0.5
2021-08-18,-0.737,0.34,0.34,1.5,1.5
2021-08-20,0.415,-0.16,-0.16,2.5,2.5
2021-08-23,-0.577,0.22,0.22,1.5,1.5
2021-08-24,0.382,0.12,0.12,2.5,2.5
2021-08-25,-0.116,0.28,0.28,1.5,1.5
2021-08-26,0.054,-0.06,-0.06,-0.5,-0.5
2021-08-27,0.376,-0.16,-0.16,2.5,2.5
2021-08-30,0.925,0.0,0.0,1.5,1.5
2021-08-31,1.09,-0.25,-0.5,0.5,0.5
2021-09-01,-0.636,0.0,0.0,1.5,1.5
2021-09-02,0.812,0.5,0.5,0.5,0.5
2021-09-03,0.354,-0.16,-0.16,1.5,1.5
2021-09-06,-0.124,0.28,0.28,-1.5,-1.5
2021-09-07,-0.227,-0.22,-0.22,-1.5,-1.5
2021-09-08,-0.128,0.5,0.5,2.5,2.5
2021-09-09,0.326,0.0,0.0,2.5,2.5
2021-09-13,-0.048,0.22,0.22,1.5,1.5
2021-09-14,-0.232,0.5,0.5,2.5,2.5
2021-09-15,0.758,-0.06,-0.06,0.5,0.5
2021-09-16,0.515,0.0,0.0,1.5,1.5
2021-09-17,-0.703,0.0,0.0,1.5,1.5
2021-09-20,-0.269,-0.72,-0.72,1.5,1.5
2021-09-21,0.639,0.28,0.28,1.5,1.5
2021-09-22,-0.195,0.44,0.44,2.5,2.5
2021-09-23,0.861,0.28,0.28,1.5,1.5
2021-09-24,-0.247,0.28,0.28,1.5,1.5
2021-09-27,-0.43,-0.015,0.167,1.5,1.5
2021-09-28,-0.882,-0.347,-0.347,1.5,1.5
2021-09-29,0.302,0.033,0.033,2.5,2.5
2021-09-30,-0.569,0.12,0.12,-0.5,-0.5
2021-10-01,0.001,-0.44,-0.44,1.5,1.5
2021-10-04,0.43,0.5,0.5,2.5,2.5
2021-10-05,0.911,-0.153,-0.153,0.5,0.5
2021-10-06,-1.207,-0.25,-0.167,-1.5,-1.5
2021-10-07,-0.113,0.077,-0.25,1.5,1.5
2021-10-08,0.047,-0.28,-0.28,1.5,1.5
2021-10-11,0.439,0.5,0.5,2.5,2.5
2021-10-12,0.425,0.5,0.5,2.5,2.5
2021-10-13,0.353,-0.34,-0.34,2.5,1.5
2021-10-14,0.36,-1.0,-1.0,-0.5,-0.5
2021-10-18,-0.125,0.5,0.5,1.5,1.5
2021-10-19,-0.987,0.06,0.06,-0.5,-0.5
2021-10-20,-0.94,0.06,0.06,2.5,2.5
2021-10-21,-1.113,-0.16,-0.16,2.5,2.5
2021-10-22,-0.635,0.16,0.16,1.5,1.5
2021-10-25,-0.571,0.0,0.0,1.5,1.5
2021-10-26,0.627,-0.72,-0.72,2.5,2.5
2021-10-27,-0.464,0.0,0.0,2.5,2.5
2021-10-28,-1.817,0.44,0.44,2.5,2.5
2021-10-29,-0.905,-0.16,-0.16,2.5,2.5
2021-11-01,0.824,0.28,0.28,2.5,2.5
2021-11-02,-0.456,0.28,0.28,1.5,1.5
2021-11-03,-0.662,0.0,0.0,1.5,1.5
2021-11-04,-0.102,0.05,0.05,-1.5,-1.5
2021-11-08,0.157,0.34,0.34,0.5,0.5
2021-11-09,-0.222,0.06,0.06,1.5,1.5
2021-11-10,0.243,0.12,0.12,1.5,1.5
2021-11-11,-0.522,0.5,0.5,1.5,1.5
2021-11-12,0.696,0.44,0.44,-0.5,-0.5
2021-11-15,-0.174,0.34,0.34,2.5,2.5
2021-11-16,-0.705,-0.28,-0.28,1.5,1.5
2021-11-17,-0.227,-0.16,-0.16,1.5,1.5
2021-11-18,-0.703,-1.0,-1.0,0.5,0.5
2021-11-22,-2.134,-0.78,-0.78,2.5,2.5
2021-11-23,1.282,-0.06,-0.06,0.5,0.5
2021-11-24,-0.769,0.0,0.0,2.5,2.5
2021-11-25,0.683,0.133,0.133,2.5,2.5
2021-11-26,-1.801,0.0,0.0,2.5,2.5
2021-11-29,-0.011,0.28,0.28,1.5,1.5
2021-11-30,-0.399,0.0,0.0,2.5,2.5
2021-12-01,0.365,-0.72,-0.72,2.5,2.5
2021-12-02,1.271,0.28,0.28,2.5,2.5
2021-12-03,-1.31,-0.34,-0.34,-0.5,-0.5
2021-12-06,-1.725,-0.34,-0.34,1.5,1.5
2021-12-07,0.778,-0.05,-0.05,0.5,0.5
2021-12-08,0.892,-1.0,-1.0,1.5,1.5
2021-12-09,-0.043,0.34,0.34,1.5,1.5
2021-12-10,0.202,-0.34,-0.34,2.5,2.5
2021-12-13,-1.424,-0.56,-0.56,1.5,1.5
2021-12-14,0.241,-0.56,-0.56,1.5,1.5
2021-12-15,-0.59,0.16,0.16,2.5,1.5
2021-12-16,-0.717,0.16,0.16,2.5,2.5
2021-12-17,-1.683,-0.28,-0.28,0.5,0.5
2021-12-20,-1.249,0.5,0.5,2.5,2.5
2021-12-21,-0.014,0.12,0.12,2.5,2.5
2021-12-22,0.533,-0.16,-0.16,2.5,2.5
2021-12-23,0.034,0.5,0.5,-0.5,-0.5
2021-12-24,-0.85,0.12,0.12,1.5,1.5
2021-12-27,0.877,-1.0,-1.0,2.5,2.5
2021-12-28,0.324,-0.16,-0.16,0.5,0.5
2021-12-29,-0.038,0.28,0.28,1.5,1.5
2021-12-30,0.015,0.72,0.72,1.5,1.5
2021-12-31,0.635,0.5,0.5,1.5,1.5
2022-01-03,1.372,-0.2,-0.2,-0.5,-0.5
2022-01-04,0.7,-0.413,-0.413,2.5,2.5
2022-01-05,0.59,0.5,0.5,2.5,2.5
2022-01-06,-0.127,-0.06,-0.06,-0.5,-0.5
2022-01-07,0.085,0.06,0.06,1.5,1.5
2022-01-10,0.502,-0.16,-0.16,2.5,2.5
2022-01-11,0.322,0.28,0.28,0.5,0.5
2022-01-12,0.231,-1.0,-1.0,1.5,1.5
2022-01-13,0.004,0.5,0.5,2.5,2.5
2022-01-14,0.389,-0.25,-0.25,2.5,2.5
2022-01-17,0.397,-0.16,-0.16,1.5,1.5
2022-01-18,-1.222,-0.16,-0.16,1.5,1.5
2022-01-19,-1.052,0.72,0.0,2.5,2.5
2022-01-20,-0.915,0.22,0.22,2.5,2.5
2022-01-21,0.02,-0.16,-0.16,2.5,2.5
2022-01-24,-2.424,0.0,0.0,2.5,2.5
2022-01-25,1.626,0.72,0.72,1.5,1.5
2022-01-27,0.282,0.44,0.44,1.5,1.5
2022-01-28,-0.618,0.5,0.5,1.5,1.5
2022-01-31,0.224,-1.0,-1.0,-1.5,-1.5
2022-02-01,0.27,-0.75,-0.75,-2.5,-2.5
2022-02-02,0.417,0.5,0.5,2.5,2.5
2022-02-03,-1.168,-0.12,-0.12,1.5,1.5
2022-02-04,-0.42,0.06,0.06,0.5,0.5
2022-02-07,-1.39,0.28,0.28,2.5,2.5
2022-02-08,-0.076,-1.0,-1.0,2.5,2.5
2022-02-09,0.539,-0.67,-0.67,2.5,2.5
2022-02-10,0.295,0.0,0.0,0.5,0.5
2022-02-11,-0.437,0.56,0.56,0.5,0.5
2022-02-14,-1.367,-0.16,-0.16,2.5,2.5
2022-02-15,2.476,0.28,0.28,0.5,0.5
2022-02-16,-0.495,0.72,0.72,2.5,2.5
2022-02-17,-0.529,0.78,0.78,1.5,1.5
2022-02-18,0.234,-1.0,-1.0,2.5,2.5
2022-02-21,0.084,-0.16,-0.16,1.5,1.5
2022-02-22,1.45,0.28,0.28,2.5,2.5
2022-02-23,-0.763,0.34,0.34,1.5,1.5
2022-02-24,-1.819,-0.34,-0.34,2.5,2.5
2022-02-25,0.864,-0.16,-0.16,0.5,0.5
2022-02-28,1.895,0.56,0.56,2.5,2.5
2022-03-02,0.077,0.06,0.06,-1.5,-1.5
2022-03-03,-1.346,0.0,0.0,0.5,0.5
2022-03-04,-0.576,-0.34,-0.34,2.5,2.5
2022-03-07,-0.03,-0.14,-0.14,2.5,2.5
2022-03-08,1.687,0.207,0.207,1.5,1.5
2022-03-09,1.663,-0.147,-0.147,1.5,1.5
2022-03-10,-0.968,0.5,0.5,2.5,2.5
2022-03-11,0.615,0.12,0.12,0.5,0.5
2022-03-14,1.428,0.0,0.0,1.5,1.5
2022-03-15,-1.406,0.28,0.28,2.5,2.5
2022-03-16,0.585,0.5,0.5,1.5,1.5
2022-03-17,0.489,-0.78,-0.78,-0.5,-0.5
2022-03-21,-1.223,-0.28,-0.28,1.5,1.5
2022-03-22,1.14,-0.75,-0.75,0.5,0.5
2022-03-23,-0.916,-0.16,-0.16,2.5,2.5
2022-03-24,0.748,0.28,0.28,1.5,1.5
2022-03-25,-0.787,0.5,0.5,2.5,2.5
2022-03-28,0.234,-1.0,-1.0,2.5,2.5
2022-03-29,0.162,0.5,0.5,2.5,2.5
2022-03-30,0.172,0.5,0.5,2.5,2.5
2022-03-31,-0.311,-0.5,-0.5,-1.5,-1.5
2022-04-01,1.339,0.34,0.34,-1.5,-1.5
2022-04-04,1.372,0.5,0.5,1.5,1.5
2022-04-05,-0.681,0.5,0.5,0.5,0.5
2022-04-06,-0.197,0.5,0.5,2.5,2.5
2022-04-07,-0.473,-1.0,-1.0,2.5,2.5
2022-04-08,0.487,0.06,0.06,2.5,2.5
2022-04-11,-0.372,0.0,0.0,0.5,0.5
2022-04-12,-0.31,-0.22,-0.22,1.5,1.5
2022-04-13,-0.706,-0.22,-0.22,1.5,1.5
2022-04-18,-0.057,-0.5,-0.5,1.5,1.5
2022-04-19,-1.74,0.78,0.78,1.5,1.5
2022-04-20,0.536,0.44,0.44,0.5,0.5
2022-04-21,0.917,-0.16,-0.16,1.5,1.5
2022-04-22,-0.411,0.12,0.12,2.5,2.5
2022-04-25,-0.324,0.5,0.5,1.5,1.5
2022-04-26,0.464,-0.16,-0.16,2.5,2.5
2022-04-27,-0.205,-0.25,-0.25,2.5,2.5
2022-04-28,0.323,-0.34,-0.34,1.5,1.5
2022-04-29,-1.308,-0.16,-0.16,-0.5,-0.5
2022-05-02,0.855,0.28,0.28,2.5,2.5
2022-05-04,-2.451,0.0,0.0,1.5,1.5
2022-05-05,-1.021,-1.0,-1.0,0.5,0.5
2022-05-06,-0.026,-0.34,-0.34,1.5,1.5
2022-05-09,0.457,0.78,0.78,2.5,2.5
2022-05-10,-0.054,0.5,0.5,-0.5,-0.5
2022-05-11,-0.633,0.56,0.56,0.5,0.5
2022-05-12,-1.33,-0.5,-0.5,2.5,2.5
2022-05-13,-1.22,-1.0,-1.0,2.5,2.5
2022-05-16,-0.018,-0.11,-0.11,2.5,2.5
2022-05-17,2.179,0.56,0.56,2.5,2.5
2022-05-18,-0.477,-0.12,-0.12,2.5,2.5
2022-05-19,-0.679,-0.56,-0.56,0.5,0.5
2022-05-20,1.386,0.0,0.0,2.5,2.5
2022-05-23,-0.468,0.5,0.5,1.5,1.5
2022-05-24,-0.619,-0.56,-0.56,-0.5,-0.5
2022-05-25,-1.053,-0.56,-0.56,1.5,1.5
2022-05-26,0.405,-0.16,-0.16,2.5,2.5
2022-05-27,0.343,-0.5,-0.5,2.5,2.5
2022-05-30,0.808,0.78,0.78,-1.5,-1.5
2022-05-31,0.037,0.5,0.5,-0.5,-0.5
2022-06-01,-0.432,0.12,0.12,1.5,1.5
2022-06-02,0.888,-0.34,-0.34,1.5,1.5
2022-06-03,-1.058,-0.44,-0.44,0.5,0.5
2022-06-06,0.235,-0.34,-0.34,2.5,2.5
2022-06-07,-0.323,0.0,0.0,2.5,2.5
2022-06-08,-0.72,0.17,0.17,1.5,1.5
2022-06-09,1.317,0.5,0.5,-0.5,-0.5
2022-06-10,-0.504,-0.78,-0.78,1.5,1.5
2022-06-13,-0.65,-0.16,-0.16,0.5,0.5
2022-06-14,0.369,0.0,0.0,2.5,2.5
2022-06-15,-0.236,0.22,0.22,2.5,2.5
2022-06-16,-2.979,-0.78,-1.0,2.5,2.5
2022-06-17,0.137,-0.56,-0.56,2.5,2.5
2022-06-20,0.102,-0.56,-0.56,2.5,2.5
2022-06-21,1.183,0.34,0.34,2.5,2.5
2022-06-22,-0.851,-0.16,-0.16,0.5,0.5
2022-06-23,0.68,0.5,0.5,0.5,0.5
2022-06-24,0.267,-0.28,-0.28,2.5,2.5
2022-06-27,-0.591,0.0,0.0,-0.5,-0.5
2022-06-28,0.589,-0.28,-0.28,-2.5,-2.5
2022-06-29,0.62,-0.5,-0.5,-1.5,-1.5
2022-06-30,0.036,-1.0,-1.0,1.5,1.5
2022-07-01,0.308,0.0,0.0,1.5,1.5
2022-07-04,0.795,-1.0,-1.0,1.5,1.5
2022-07-05,-0.618,0.28,0.28,1.5,1.5
2022-07-06,1.085,0.5,0.5,2.5,2.5
2022-07-07,0.119,0.0,0.0,1.5,1.5
2022-07-08,-0.326,-0.05,-0.05,0.5,0.5
2022-07-11,0.495,-0.16,-0.16,2.5,2.5
2022-07-12,-0.421,-0.16,-0.16,2.5,2.5
2022-07-13,-1.002,-0.16,-0.16,2.5,2.5
2022-07-14,-0.501,0.36,0.36,1.5,1.5
2022-07-15,0.24,0.5,0.5,2.5,2.5
2022-07-18,0.787,-0.927,-0.927,2.5,2.5
2022-07-19,0.948,0.67,0.67,1.5,1.5
2022-07-20,-0.253,1.0,1.0,2.5,2.5
2022-07-21,0.494,0.56,0.56,1.5,1.5
2022-07-22,0.349,0.28,0.28,-0.5,-0.5
2022-07-25,-0.189,0.0,0.0,1.5,1.5
2022-07-26,-0.896,0.34,0.34,1.5,1.5
2022-07-27,1.01,-0.72,-0.72,0.5,0.5
2022-07-28,0.923,0.16,0.16,-1.5,-1.5
2022-07-29,0.461,0.17,0.17,-0.5,-0.5
2022-08-01,0.562,0.28,0.28,-0.5,-0.5
2022-08-02,0.204,0.5,0.5,2.5,2.5
2022-08-03,0.224,0.5,0.5,2.5,2.5
2022-08-04,-0.464,-0.16,-0.16,2.5,2.5
2022-08-05,-0.15,0.28,0.28,2.5,2.5
2022-08-08,0.71,0.06,0.06,2.5,2.5
2022-08-10,-0.178,-0.05,-0.05,2.5,2.5
2022-08-11,-0.297,-0.12,-0.12,0.5,0.5
2022-08-12,0.218,-0.44,-0.44,2.5,2.5
2022-08-16,0.158,-0.16,-0.16,1.5,1.5
2022-08-17,0.426,-0.12,-0.56,1.5,1.5
2022-08-18,0.323,0.23,0.23,2.5,2.5
2022-08-19,-1.158,-0.16,-0.16,1.5,1.5
2022-08-22,-1.087,-0.16,-0.16,2.5,2.5
2022-08-23,1.268,-0.34,-0.34,1.5,1.5
2022-08-24,0.454,0.0,0.0,1.5,1.5
2022-08-25,-0.886,0.28,0.28,2.5,2.5
2022-08-26,-0.343,0.5,0.5,-2.5,-2.5
2022-08-29,0.723,0.34,0.34,2.5,2.5
2022-08-30,1.977,-1.0,-1.0,2.5,2.5
2022-09-01,0.327,0.0,0.0,2.5,2.5
2022-09-02,-0.335,0.22,0.22,2.5,2.5
2022-09-05,0.68,0.0,0.0,0.5,0.5
2022-09-06,-0.227,-0.05,-0.05,2.5,2.5
2022-09-07,0.599,0.12,0.12,2.5,2.5
2022-09-08,0.285,0.25,0.25,1.5,1.5
2022-09-09,-0.502,-0.06,-0.06,0.5,0.5
2022-09-12,0.254,0.5,0.5,1.5,1.5
2022-09-13,0.142,0.5,0.5,2.5,2.5
2022-09-14,1.309,0.28,0.28,-0.5,-0.5
2022-09-15,-0.936,0.5,0.5,2.5,2.5
2022-09-16,-1.494,0.0,0.0,2.5,2.5
2022-09-19,0.465,0.5,0.5,-0.5,-0.5
2022-09-20,0.258,0.0,0.0,1.5,1.5
2022-09-21,-0.27,0.28,0.28,1.5,1.5
2022-09-22,0.114,-0.16,-0.16,2.5,2.5
2022-09-23,-1.515,-0.34,-0.34,2.5,2.5
2022-09-26,-0.816,1.0,1.0,0.5,0.5
2022-09-27,-0.605,0.5,0.5,2.5,2.5
2022-09-28,-0.071,0.0,0.0,1.5,1.5
2022-09-29,-1.033,-0.22,-0.22,-0.5,-0.5
2022-09-30,1.764,-0.44,-0.44,2.5,2.5
2022-10-03,-1.256,-0.44,-0.44,2.5,2.5
2022-10-04,0.74,0.0,0.0,-0.5,-0.5
2022-10-06,-0.273,0.5,0.5,1.5,1.5
2022-10-07,0.159,0.78,0.78,1.5,1.5
2022-10-10,0.858,0.5,0.5,1.5,1.5
2022-10-11,-1.579,0.28,0.28,2.5,2.5
2022-10-12,0.576,0.5,0.5,2.5,2.5
2022-10-13,-0.427,-0.44,-0.44,-0.5,-0.5
2022-10-14,-0.789,0.5,0.5,1.5,1.5
2022-10-17,0.974,-0.12,-0.12,2.5,2.5
2022-10-18,0.276,0.28,0.28,2.5,2.5
2022-10-19,-0.318,-0.16,-0.16,0.5,0.5
2022-10-20,0.808,-0.16,-0.16,1.5,1.5
2022-10-21,-0.264,-0.34,-0.34,2.5,2.5
2022-10-24,-0.032,1.0,1.0,-2.5,-2.5
2022-10-25,-0.853,-0.25,-0.25,-2.5,-2.5
2022-10-27,-0.194,0.72,0.72,2.5,2.5
2022-10-28,0.171,0.0,0.0,2.5,2.5
2022-10-31,0.57,0.5,0.5,1.5,1.5
2022-11-01,0.081,0.5,0.5,1.5,1.5
2022-11-02,-0.523,0.5,0.5,-0.5,-0.5
2022-11-03,0.469,0.0,0.0,1.5,1.5
2022-11-04,0.353,-0.78,-0.78,1.5,1.5
2022-11-07,-0.049,0.28,0.28,-0.5,-0.5
2022-11-09,-0.718,0.22,0.22,2.5,2.5
2022-11-10,-0.09,0.5,0.5,1.5,1.5
2022-11-11,0.423,0.0,0.0,2.5,2.5
2022-11-14,-0.257,-0.147,-0.147,2.5,2.5
2022-11-15,0.221,0.12,0.12,2.5,2.5
2022-11-16,0.062,0.44,0.44,2.5,2.5
2022-11-17,-0.081,-0.34,-0.34,2.5,2.5
2022-11-18,-0.41,0.28,0.28,-0.5,-0.5
2022-11-21,-0.474,0.0,0.0,2.5,2.5
2022-11-22,0.358,0.34,0.34,2.5,2.5
2022-11-23,-0.316,-0.72,-0.72,-1.5,-1.5
2022-11-24,0.862,0.055,0.055,-0.5,-0.5
2022-11-25,-0.085,0.5,0.5,2.5,2.5
2022-11-28,0.717,0.78,0.78,2.5,2.5
2022-11-29,0.354,0.5,0.5,1.5,1.5
2022-11-30,0.712,0.5,0.5,1.5,1.5
2022-12-01,-0.315,0.44,0.44,2.5,2.5
2022-12-02,-0.3,0.17,0.17,1.5,1.5
2022-12-05,-0.099,0.06,0.06,1.5,1.5
2022-12-06,0.226,-0.06,-0.06,2.5,2.5
2022-12-07,-0.42,0.56,0.56,0.5,0.5
2022-12-08,0.207,-1.0,-1.0,2.5,2.5
2022-12-09,-0.888,-0.16,-0.16,2.5,2.5
2022-12-12,0.516,0.06,0.06,0.5,0.5
2022-12-13,0.451,-0.44,-0.44,1.5,1.5
2022-12-14,-0.059,0.12,0.12,1.5,1.5
2022-12-15,-1.072,0.06,0.06,1.5,1.5
2022-12-16,-0.273,0.67,0.67,2.5,2.5
2022-12-19,0.724,0.12,0.12,1.5,1.5
2022-12-20,0.245,0.5,0.5,2.5,2.5
2022-12-21,-1.28,0.06,0.06,1.5,1.5
2022-12-22,-0.883,-0.12,0.0,-0.5,-0.5
2022-12-23,-0.95,-0.5,-0.5,-2.5,-2.5
2022-12-26,1.033,0.0,0.0,0.5,0.5
2022-12-27,0.235,0.5,0.5,2.5,2.5
2022-12-28,0.209,0.06,0.06,1.5,1.5
2022-12-29,0.805,0.72,0.72,1.5,1.5
2022-12-30,-0.842,0.72,0.72,2.5,2.5
2023-01-02,0.363,0.0,0.0,2.5,2.5
2023-01-03,0.382,0.06,0.06,2.5,2.5
2023-01-04,-1.03,0.5,0.5,2.5,2.5
2023-01-05,-0.607,-0.16,-0.16,0.5,0.5
2023-01-06,-0.825,-0.16,-0.16,2.5,2.5
2023-01-09,0.828,0.22,0.22,1.5,1.5
2023-01-10,-1.143,-0.72,-0.72,2.5,2.5
2023-01-11,-0.159,-0.34,-0.34,0.5,0.5
2023-01-12,-0.35,0.11,0.11,2.5,2.5
2023-01-13,0.499,0.0,0.0,2.5,2.5
2023-01-16,-0.767,0.06,0.06,-0.5,-0.5
2023-01-17,0.728,-0.22,-0.22,0.5,0.5
2023-01-18,0.504,-0.16,-0.16,2.5,2.5
2023-01-19,-0.066,-0.34,-0.34,1.5,1.5
2023-01-20,-0.485,-0.06,-0.06,1.5,1.5
2023-01-23,0.001,0.23,0.23,1.5,1.5
2023-01-24,-0.361,0.0,0.0,2.5,2.5
2023-01-25,-1.113,-0.12,-0.12,-0.5,-0.5
2023-01-27,-1.526,0.16,0.16,2.5,2.5
2023-01-30,0.61,-0.12,-0.12,0.5,0.5
2023-01-31,-0.391,-0.5,-0.5,1.5,1.5
2023-02-01,-1.096,-0.28,-0.28,2.5,2.5
2023-02-02,0.533,0.06,0.06,1.5,1.5
2023-02-03,0.747,-0.12,-0.12,1.5,1.5
2023-02-06,-0.303,0.5,0.5,2.5,2.5
2023-02-07,-0.386,0.5,0.5,2.5,2.5
2023-02-08,0.684,-0.22,-0.22,1.5,1.5
2023-02-09,0.044,-0.44,-0.44,0.5,0.5
2023-02-10,0.05,0.0,0.0,-0.5,-0.5
2023-02-13,-0.494,-0.44,-0.44,2.5,2.5
2023-02-14,0.502,-0.16,-0.16,1.5,1.5
2023-02-15,0.666,0.72,0.72,-0.5,-0.5
2023-02-16,-0.326,-0.06,-0.06,2.5,2.5
2023-02-17,-0.171,0.12,0.12,1.5,1.5
2023-02-20,-0.673,-0.16,-0.16,-2.5,-2.5
2023-02-21,-0.442,0.28,-0.56,2.5,2.5
2023-02-22,-1.132,0.06,0.16,2.5,2.5
2023-02-23,-0.361,0.5,0.5,0.5,0.5
2023-02-24,-0.714,0.34,0.34,2.5,2.5
2023-02-27,-0.206,1.0,1.0,1.5,1.5
2023-02-28,-0.456,0.5,0.5,-0.5,-0.5
2023-03-01,0.523,-0.25,-0.25,1.5,1.5
2023-03-02,-0.572,0.0,0.0,1.5,1.5
2023-03-03,0.82,0.0,0.0,2.5,2.5
2023-03-06,0.176,0.28,0.28,0.5,0.5
2023-03-08,0.502,0.22,0.22,1.5,1.5
2023-03-09,-1.027,0.5,0.5,1.5,1.5
2023-03-10,-0.177,-1.0,-1.0,2.5,2.5
2023-03-13,-1.536,0.0,0.0,2.5,2.5
2023-03-14,-0.683,-0.34,0.78,2.5,2.5
2023-03-15,-1.132,0.0,0.0,1.5,1.5
2023-03-16,-0.053,0.0,0.06,-0.5,-0.5
2023-03-17,-0.069,0.5,0.5,1.5,1.5
2023-03-20,-0.458,0.39,0.39,0.5,0.5
2023-03-21,0.276,0.72,0.72,-1.5,-1.5
2023-03-22,-0.149,-0.28,-0.28,0.5,0.5
2023-03-23,-0.12,0.72,0.72,2.5,2.5
2023-03-24,-0.768,0.06,0.06,1.5,1.5
2023-03-27,0.008,1.0,1.0,2.5,2.5
2023-03-28,-0.47,0.16,0.16,2.5,2.5
2023-03-29,0.609,-0.073,-0.073,2.5,2.5
2023-03-31,0.868,-0.14,-0.14,1.5,1.5
2023-04-03,-0.172,-0.08,-0.08,1.5,1.5
2023-04-05,0.773,0.34,0.34,-0.5,-0.5
2023-04-06,0.372,0.5,0.5,1.5,1.5
2023-04-10,-0.062,0.22,0.22,-0.5,-0.5
2023-04-11,0.099,-0.16,-0.16,2.5,2.5
2023-04-12,0.298,-0.16,-0.16,1.5,1.5
2023-04-13,0.116,0.0,0.0,2.5,2.5
2023-04-17,-0.874,0.0,0.0,2.5,2.5
2023-04-18,-0.599,-0.3,-0.3,2.5,2.5
2023-04-19,-0.196,0.34,0.34,-2.5,-2.5
2023-04-20,-0.08,-0.36,-0.36,-2.5,-2.5
2023-04-21,-0.089,0.06,0.06,2.5,2.5
2023-04-24,0.202,0.78,0.78,0.5,0.5
2023-04-25,0.043,-0.22,-0.22,1.5,1.5
2023-04-26,0.261,-0.16,-0.16,2.5,2.5
2023-04-27,0.572,0.5,0.5,1.5,1.5
2023-04-28,0.638,0.28,0.28,1.5,1.5
2023-05-02,0.126,-1.0,-1.0,1.5,1.5
2023-05-03,-0.132,0.5,0.5,2.5,2.5
2023-05-04,0.967,0.56,0.56,0.5,0.5
2023-05-05,-0.267,-0.11,-0.11,1.5,1.5
2023-05-08,0.794,-0.44,-0.44,2.5,2.5
2023-05-09,-0.205,0.133,0.133,0.5,0.5
2023-05-10,0.008,-0.16,-0.16,2.5,2.5
2023-05-11,-0.331,0.28,0.28,2.5,2.5
2023-05-12,0.225,0.5,0.5,2.5,2.5
2023-05-15,0.325,-0.16,-0.16,1.5,1.5
2023-05-16,-0.791,0.5,0.5,2.5,2.5
2023-05-17,-0.649,0.16,0.16,2.5,2.5
2023-05-18,-0.862,0.573,0.573,0.5,0.5
2023-05-19,0.095,0.58,0.58,-1.5,-1.5
2023-05-22,0.622,0.0,0.0,1.5,1.5
2023-05-23,-0.081,0.12,0.12,-0.5,-0.5
2023-05-24,-0.051,0.5,0.5,1.5,1.5
2023-05-25,0.286,0.5,0.5,2.5,2.5
2023-05-26,0.713,1.0,1.0,1.5,1.5
2023-05-29,-0.11,0.12,0.12,0.5,0.5
2023-05-30,0.146,0.0,0.0,0.5,0.5
2023-05-31,-0.322,-0.5,-0.5,1.5,1.5
2023-06-01,-0.493,-0.34,-0.34,2.5,2.5
2023-06-02,-0.09,-0.11,-0.11,1.5,1.5
2023-06-05,-0.098,-0.16,-0.16,2.5,2.5
2023-06-06,-0.01,0.28,0.28,2.5,2.5
2023-06-07,0.326,-0.16,-0.16,0.5,0.5
2023-06-08,-0.485,-1.0,-1.0,2.5,2.5
2023-06-09,-0.496,0.0,0.0,1.5,1.5
2023-06-12,0.035,-0.16,-0.16,0.5,0.5
2023-06-13,0.453,-0.16,-0.16,1.5,1.5
2023-06-14,0.06,-0.56,-0.56,1.5,1.5
2023-06-15,-0.46,0.5,0.5,2.5,2.5
2023-06-16,0.549,0.5,0.5,1.5,1.5
2023-06-19,-0.624,0.0,0.0,2.5,2.5
2023-06-20,0.343,0.72,0.72,1.5,1.5
2023-06-21,0.04,0.12,0.12,1.5,1.5
2023-06-22,-0.437,0.23,0.23,0.5,0.5
2023-06-23,-0.407,-0.14,-0.14,2.5,2.5
2023-06-26,0.047,0.36,0.36,2.5,1.5
2023-06-27,0.367,0.5,0.5,0.5,0.5
2023-06-28,0.338,0.5,0.06,0.5,0.5
2023-06-30,0.588,1.0,1.0,2.5,2.5
2023-07-03,0.395,-0.56,-0.56,2.5,2.5
2023-07-04,-0.091,-0.16,-0.16,2.5,2.5
2023-07-05,-0.038,0.5,0.5,1.5,1.5
2023-07-06,0.576,0.28,0.28,2.5,2.5
2023-07-07,-0.469,-0.44,-0.44,2.5,2.5
2023-07-10,-0.229,0.28,0.28,1.5,1.5
2023-07-11,0.063,0.34,0.34,0.5,0.5
2023-07-12,-0.58,0.3,0.3,0.5,0.5
2023-07-13,-0.418,1.0,1.0,1.5,1.5
2023-07-14,0.364,0.5,0.5,1.5,1.5
2023-07-17,0.506,0.34,0.34,-2.5,-2.5
2023-07-18,-0.193,-0.16,-0.16,0.5,0.5
2023-07-19,0.153,0.0,0.0,2.5,2.5
2023-07-20,0.744,-0.5,-0.5,1.5,1.5
2023-07-21,-0.28,0.133,0.133,1.5,1.5
2023-07-24,-0.385,1.0,1.0,2.5,2.5
2023-07-25,-0.247,0.34,0.34,2.5,2.5
2023-07-26,0.228,-0.16,-0.16,2.5,2.5
2023-07-27,-0.962,0.72,0.72,0.5,0.5
2023-07-28,-0.07,-0.28,-0.28,1.5,1.5
2023-07-31,0.445,-0.3,-0.3,1.5,1.5
2023-08-01,-0.255,0.0,0.0,2.5,2.5
2023-08-02,-0.656,0.5,0.5,2.5,2.5
2023-08-03,-0.422,0.56,0.56,2.5,2.5
2023-08-04,0.278,0.22,0.22,2.5,2.5
2023-08-07,0.104,-0.45,-0.45,1.5,1.5
2023-08-08,-0.287,0.193,0.193,1.5,1.5
2023-08-09,0.275,0.5,0.5,0.5,0.5
2023-08-10,-0.319,0.5,0.5,0.5,0.5
2023-08-11,-0.644,-0.58,-0.58,1.5,1.5
2023-08-14,0.261,0.72,0.72,1.5,1.5
2023-08-16,0.496,-0.33,-0.33,-1.5,-1.5
2023-08-17,-0.439,0.06,0.06,1.5,1.5
2023-08-18,0.044,0.17,0.17,2.5,2.5
2023-08-21,0.378,0.06,0.06,2.5,2.5
2023-08-22,-0.106,-0.34,-0.34,2.5,2.5
2023-08-23,0.025,-0.16,-0.16,2.5,2.5
2023-08-24,-0.76,-0.12,-0.12,2.5,2.5
2023-08-25,-0.164,-0.06,-0.06,-0.5,-0.5
2023-08-28,0.04,0.34,0.34,2.5,2.5
2023-08-29,-0.166,0.5,0.5,2.5,2.5
2023-08-30,-0.443,0.0,0.0,-0.5,-0.5
2023-08-31,-0.628,0.5,0.5,2.5,2.5
2023-09-01,0.92,0.0,0.0,1.5,1.5
2023-09-04,0.019,-0.34,-0.34,1.5,1.5
2023-09-05,0.052,-0.073,-0.073,1.5,1.5
2023-09-06,0.152,-0.14,-0.14,2.5,2.5
2023-09-07,0.655,0.0,0.0,2.5,2.5
2023-09-08,0.228,-0.16,-0.16,-0.5,-0.5
2023-09-11,0.535,0.0,0.0,1.5,1.5
2023-09-12,-0.582,0.36,0.36,2.5,2.5
2023-09-13,0.403,0.34,0.34,0.5,0.5
2023-09-14,-0.123,-0.45,-0.45,-1.5,-1.5
2023-09-15,0.178,0.5,0.5,-1.5,-1.5
2023-09-18,-0.112,0.78,0.78,2.5,2.5
2023-09-20,-0.397,0.5,0.5,1.5,1.5
2023-09-21,-0.495,-0.06,-0.06,2.5,2.5
2023-09-22,-0.358,-0.78,-0.78,2.5,2.5
2023-09-25,-0.019,0.0,0.0,0.5,0.5
2023-09-26,-0.092,0.5,0.5,2.5,2.5
2023-09-27,0.404,-0.5,-0.5,1.5,1.5
2023-09-28,-1.206,0.72,0.72,-0.5,-0.5
2023-09-29,0.292,-0.16,-0.16,2.5,2.5
2023-10-03,-0.477,-0.16,-0.16,0.5,0.5
2023-10-04,-0.052,0.0,0.0,1.5,1.5
2023-10-05,0.122,-1.0,-1.0,2.5,2.5
2023-10-06,0.165,-0.16,-0.16,1.5,1.5
2023-10-09,-0.139,-0.16,-0.16,1.5,1.5
2023-10-10,0.635,0.45,0.45,2.5,2.5
2023-10-11,0.224,0.28,0.56,2.5,2.5
2023-10-12,-0.145,-0.72,-0.72,2.5,2.5
2023-10-13,0.491,-0.06,-0.06,0.5,0.5
2023-10-16,-0.028,0.17,0.5,1.5,1.5
2023-10-17,-0.16,0.5,0.5,2.5,2.5
2023-10-18,-0.754,0.5,0.033,0.5,0.5
2023-10-19,0.407,-0.06,-0.06,2.5,2.5
2023-10-20,0.003,-0.16,-0.16,1.5,1.5
2023-10-23,-1.229,1.0,1.0,-0.5,-0.5
2023-10-25,-0.852,-0.853,-0.853,2.5,2.5
2023-10-26,-0.893,0.72,0.72,1.5,1.5
2023-10-27,0.626,0.5,0.5,2.5,2.5
2023-10-30,0.459,0.22,0.22,1.5,1.5
2023-10-31,-0.797,0.5,0.5,2.5,2.5
2023-11-01,-0.393,-0.78,-0.78,-0.5,-0.5
2023-11-02,0.069,-0.72,-0.72,2.5,2.5
2023-11-03,-0.054,0.12,0.12,2.5,2.5
2023-11-06,0.341,0.28,0.28,0.5,0.5
2023-11-07,0.014,0.0,0.0,1.5,1.5
2023-11-08,-0.031,-0.16,-0.16,1.5,1.5
2023-11-09,-0.319,0.06,0.06,1.5,1.5
2023-11-10,0.38,0.5,0.5,1.5,1.5
2023-11-13,-0.222,-0.05,-0.05,-1.5,-1.5
2023-11-15,0.122,-0.16,-0.16,1.5,1.5
2023-11-16,0.46,0.5,0.5,2.5,2.5
2023-11-17,0.29,-0.16,-0.16,-0.5,-0.5
2023-11-20,-0.188,0.06,0.06,1.5,1.5
2023-11-21,0.063,-0.16,-0.16,-0.5,-0.5
2023-11-22,0.141,0.0,0.0,1.5,1.5
2023-11-23,-0.133,-0.05,-0.05,2.5,2.5
2023-11-24,-0.075,-0.5,-0.5,1.5,1.5
2023-11-28,0.227,0.5,0.5,2.5,2.5
2023-11-29,0.601,0.0,0.0,2.5,2.5
2023-11-30,0.123,-0.16,-0.16,2.5,2.5
2023-12-01,0.365,0.22,0.22,0.5,0.5
2023-12-04,0.412,0.06,0.06,1.5,1.5
2023-12-05,0.222,-0.16,-0.16,1.5,1.5
2023-12-06,-0.062,-0.06,-0.06,0.5,0.5
2023-12-07,-0.149,0.5,0.5,1.5,1.5
2023-12-08,0.169,0.5,0.5,2.5,2.5
2023-12-11,0.152,0.5,0.5,2.5,2.5
2023-12-12,-0.534,0.5,0.5,-2.5,-2.5
2023-12-13,-0.016,0.28,0.28,-0.5,-0.5
2023-12-14,0.342,-1.0,-1.0,1.5,1.5
2023-12-15,0.795,0.5,0.5,2.5,2.5
2023-12-18,-0.075,0.5,0.5,2.5,2.5
2023-12-19,-0.114,0.06,0.06,1.5,1.5
2023-12-20,-1.826,-0.16,-0.16,1.5,1.5
2023-12-21,1.051,-0.39,-0.39,0.5,0.5
2023-12-22,0.251,-0.707,-0.707,0.5,0.5
2023-12-26,0.356,-0.16,-0.16,2.5,2.5
2023-12-27,0.731,-0.44,-0.44,2.5,2.5
2023-12-28,0.293,0.44,0.44,2.5,2.5
2023-12-29,-0.029,0.0,0.0,1.5,1.5
2024-01-01,0.065,0.11,0.11,2.5,2.5
2024-01-02,-0.393,-0.16,-0.16,2.5,2.5
2024-01-03,-0.664,0.28,0.28,2.5,2.5
2024-01-04,0.244,0.5,0.5,1.5,1.5
2024-01-05,0.023,0.78,0.78,0.5,-0.5
2024-01-08,-1.079,-0.28,-0.28,1.5,1.5
2024-01-09,-0.502,-0.67,-0.67,2.5,2.5
2024-01-10,0.415,0.06,0.06,-0.5,-0.5
2024-01-11,-0.188,0.34,0.34,-2.5,-2.5
2024-01-12,0.556,-0.5,-0.5,2.5,2.5
2024-01-15,0.201,0.5,0.5,2.5,2.5
2024-01-16,-0.218,-0.16,-0.16,1.5,1.5
2024-01-17,-0.348,-0.39,-0.39,2.5,2.5
2024-01-18,0.224,0.45,0.45,2.5,2.5
2024-01-19,0.033,0.14,0.14,0.5,0.5
2024-01-23,-2.201,0.0,0.0,2.5,2.5
2024-01-24,1.268,0.44,0.44,-0.5,-0.5
2024-01-25,-0.475,0.44,0.44,1.5,1.5
2024-01-29,1.421,-0.72,-0.72,0.5,0.5
2024-01-30,-1.165,-0.16,0.06,-0.5,-0.5
2024-01-31,1.11,-1.0,-1.0,2.5,2.5
2024-02-01,-0.382,0.5,0.5,1.5,1.5
2024-02-02,0.188,-0.16,-0.16,1.5,1.5
2024-02-05,-0.681,-0.06,-0.06,0.5,0.5
2024-02-06,0.477,-0.16,-0.16,1.5,1.5
2024-02-07,-0.52,-1.0,-1.0,2.5,2.5
2024-02-08,-1.325,-0.44,-0.44,1.5,1.5
2024-02-09,0.255,0.5,0.5,-2.5,-2.5
2024-02-12,-0.847,-0.16,-0.16,2.5,2.5
2024-02-13,0.364,-0.16,-0.16,0.5,0.5
2024-02-14,1.214,0.5,0.5,2.5,2.5
2024-02-15,0.019,0.5,0.5,2.5,2.5
2024-02-16,0.093,0.44,0.44,2.5,2.5
2024-02-19,0.085,0.34,0.34,0.5,0.5
2024-02-20,0.442,-0.89,-0.89,2.5,2.5
2024-02-21,-0.871,0.44,0.44,2.5,2.5
2024-02-22,0.615,-0.16,-0.16,2.5,2.5
2024-02-23,-0.347,0.28,0.28,0.5,0.5
2024-02-26,-0.213,0.22,0.22,1.5,1.5
2024-02-27,0.49,-1.0,-1.0,1.5,1.5
2024-02-28,-1.184,0.0,0.0,-0.5,-0.5
2024-02-29,0.217,-0.34,-0.34,2.5,2.5
2024-03-01,1.317,-0.133,-0.133,1.5,1.5
2024-03-04,0.009,0.16,0.16,2.5,2.5
2024-03-05,-0.067,0.5,0.5,-0.5,-0.5
2024-03-06,0.656,-0.16,0.0,0.5,0.5
2024-03-07,-0.052,-0.16,-0.16,2.5,2.5
2024-03-11,-0.821,0.06,0.06,2.5,2.5
2024-03-12,0.006,0.06,0.06,2.5,2.5
2024-03-13,-1.937,0.5,0.5,0.5,0.5
2024-03-14,0.746,0.72,0.72,1.5,1.5
2024-03-15,-0.188,-0.06,-0.06,1.5,1.5
2024-03-18,0.298,0.17,0.17,0.5,0.5
2024-03-19,-0.588,-0.12,-0.12,1.5,1.5
2024-03-20,-0.022,-0.5,-0.5,1.5,1.5
2024-03-21,0.1,0.0,0.0,2.5,2.5
2024-03-22,0.75,-0.16,-0.16,1.5,1.5
2024-03-26,0.259,-0.5,-0.5,1.5,1.5
2024-03-27,0.316,-1.0,-1.0,1.5,1.5
2024-03-28,0.737,0.28,0.28,2.5,2.5
2024-04-01,0.031,0.12,0.12,2.5,2.5
2024-04-02,-0.024,-0.72,-0.72,1.5,1.5
2024-04-03,0.219,0.5,0.5,0.5,0.5
2024-04-04,-0.343,0.0,0.0,1.5,1.5
2024-04-05,0.121,-0.34,-0.34,2.5,2.5
2024-04-08,0.39,-0.34,-0.34,-1.5,-1.5
2024-04-09,-0.537,0.5,0.5,-0.5,-0.5
2024-04-10,0.148,0.06,0.06,1.5,1.5
2024-04-12,-0.697,-1.0,-1.0,0.5,0.5
2024-04-15,-0.298,0.34,0.34,2.5,2.5
2024-04-16,0.102,-1.0,-1.0,1.5,1.5
2024-04-18,-0.975,-0.5,-0.5,0.5,0.5
2024-04-19,1.306,0.06,0.06,2.5,2.5
2024-04-22,-0.002,-0.5,-0.5,0.5,0.5
2024-04-23,-0.352,-0.12,-0.12,2.5,2.5
2024-04-24,-0.085,0.22,0.22,1.5,1.5
2024-04-25,1.136,-0.16,-0.16,1.5,1.5
2024-04-26,-0.886,0.0,0.0,2.5,2.5
2024-04-29,0.747,-0.16,-0.16,2.5,2.5
2024-04-30,-0.33,-0.44,-0.44,2.5,2.5
2024-05-02,0.356,-0.16,-0.16,0.5,0.5
2024-05-03,-1.276,0.0,0.0,1.5,1.5
2024-05-06,-0.527,0.5,0.5,2.5,2.5
2024-05-07,-0.833,0.5,0.5,-1.5,-1.5
2024-05-08,0.321,-0.5,-0.5,-1.5,-1.5
2024-05-09,-1.203,0.16,0.16,2.5,2.5
2024-05-10,0.292,0.0,0.0,1.5,1.5
2024-05-13,0.345,-0.16,-0.16,1.5,1.5
2024-05-14,0.475,0.56,0.56,1.5,1.5
2024-05-15,-0.247,0.23,0.23,2.5,2.5
2024-05-16,0.379,0.06,0.06,1.5,1.5
2024-05-17,0.227,0.44,0.44,-0.5,-0.5
2024-05-21,0.556,0.22,0.44,1.5,1.5
2024-05-22,0.094,0.22,0.22,0.5,0.5
2024-05-23,1.563,-0.16,-0.16,1.5,1.5
2024-05-24,0.115,0.56,0.56,2.5,2.5
2024-05-27,-0.462,-0.12,-0.12,0.5,0.5
2024-05-28,-0.387,0.16,0.16,2.5,2.5
2024-05-29,-0.255,0.353,0.353,2.5,2.5
2024-05-30,-0.569,-0.16,-0.16,1.5,1.5
2024-05-31,-0.166,0.5,0.5,1.5,1.5
2024-06-03,-0.317,0.5,0.5,2.5,2.5
2024-06-04,-5.587,-0.3,-0.3,2.5,2.5
2024-06-05,2.223,-0.64,-0.64,0.5,0.5
2024-06-06,0.1,-0.375,-0.375,-2.5,-2.5
2024-06-07,2.052,0.22,0.22,1.5,1.5
2024-06-10,-0.257,0.12,0.12,-0.5,-0.5
2024-06-11,-0.081,0.06,0.06,1.5,1.5
2024-06-12,-0.092,0.28,0.28,2.5,2.5
2024-06-13,-0.349,0.5,0.5,2.5,2.5
2024-06-14,0.003,0.5,0.5,1.5,1.5
2024-06-18,-0.055,-0.78,-0.78,2.5,2.5
2024-06-19,-0.482,0.0,0.0,2.5,2.5
2024-06-20,-0.081,0.56,0.56,2.5,2.5
2024-06-21,-0.676,-0.16,-0.16,0.5,0.5
2024-06-24,0.665,0.22,0.22,2.5,2.5
2024-06-25,0.612,0.25,0.25,-0.5,-0.5
2024-06-26,0.614,-0.06,-0.06,1.5,1.5
2024-06-27,0.682,-0.28,-0.28,2.5,2.5
2024-06-28,-0.313,0.17,0.17,2.5,2.5
2024-07-01,0.621,0.78,0.78,1.5,1.5
2024-07-02,-0.433,-0.16,-0.16,1.5,1.5
2024-07-03,-0.022,-0.75,-0.75,1.5,1.5
2024-07-04,-0.278,-0.34,-0.34,1.5,1.5
2024-07-05,0.456,0.34,0.34,-2.5,-2.5
2024-07-08,-0.037,0.5,0.5,2.5,2.5
2024-07-09,0.338,-0.22,-0.5,1.5,1.5
2024-07-10,-0.554,0.12,0.12,-0.5,-0.5
2024-07-11,-0.33,0.5,0.5,2.5,2.5
2024-07-12,0.468,-0.44,-0.44,1.5,1.5
2024-07-15,-0.004,0.22,0.22,0.5,0.5
2024-07-16,-0.012,0.34,0.34,1.5,1.5
2024-07-18,1.047,0.0,0.0,2.5,2.5
2024-07-19,-1.299,0.22,0.22,2.5,2.5
2024-07-22,0.26,-0.5,-0.5,2.5,2.5
2024-07-23,-0.366,0.72,0.72,2.5,2.5
2024-07-24,-0.129,-0.12,-0.12,2.5,2.5
2024-07-25,0.723,0.5,0.5,2.5,2.5
2024-07-26,1.685,0.67,0.67,2.5,2.5
2024-07-29,-0.43,0.0,0.0,-0.5,-0.5
2024-07-30,0.072,-0.34,-0.34,1.5,1.5
2024-07-31,0.259,0.167,0.167,1.5,1.5
2024-08-01,-0.08,-0.44,-0.44,1.5,1.5
2024-08-02,-0.288,0.16,0.16,2.5,2.5
2024-08-05,-1.017,-0.06,-0.06,1.5,1.5
2024-08-06,-0.816,0.31,0.31,2.5,2.5
2024-08-07,0.033,0.06,0.06,1.5,1.5
2024-08-08,-0.543,-0.34,-0.34,0.5,0.5
2024-08-09,-0.079,-0.167,-0.167,2.5,2.5
2024-08-12,0.111,-0.78,-0.78,2.5,2.5
2024-08-13,-0.835,-0.58,-0.58,2.5,2.5
2024-08-14,-0.168,-0.44,-0.44,0.5,0.5
2024-08-16,0.848,-0.44,-0.44,1.5,1.5
2024-08-19,-0.259,-0.75,-0.75,2.5,2.5
2024-08-20,0.203,-0.16,-0.16,1.5,1.5
2024-08-21,0.363,-0.44,-0.44,2.5,2.5
2024-08-22,-0.209,0.34,0.34,1.5,1.5
2024-08-23,-0.09,-1.0,-1.0,-0.5,-0.5
2024-08-26,0.42,0.16,0.16,1.5,1.5
2024-08-27,-0.028,0.0,0.0,0.5,0.5
2024-08-28,0.086,1.0,1.0,1.5,1.5
2024-08-29,0.466,0.0,0.0,1.5,1.5
2024-08-30,-0.055,-1.0,-1.0,1.5,1.5
2024-09-02,-0.217,-0.16,-0.16,-1.5,-1.5
2024-09-03,-0.133,-0.5,-0.5,-1.5,-1.5
2024-09-04,0.433,0.06,0.06,2.5,2.5
2024-09-05,-0.417,0.06,0.06,2.5,2.5
2024-09-06,-0.963,0.5,0.5,2.5,2.5
2024-09-09,0.455,-0.12,-0.12,1.5,1.5
2024-09-10,0.167,-0.44,-0.44,1.5,1.5
2024-09-11,-0.462,0.72,0.72,2.5,2.5
2024-09-12,1.314,0.28,0.28,0.5,0.5
2024-09-13,-0.291,0.0,0.0,1.5,1.5
2024-09-16,-0.09,0.67,0.67,2.5,2.5
2024-09-17,0.006,-0.16,-0.16,-0.5,-0.5
2024-09-18,-0.098,0.5,0.5,1.5,1.5
2024-09-19,-0.28,0.78,0.78,2.5,2.5
2024-09-20,1.038,0.5,0.5,1.5,1.5
2024-09-23,0.257,0.0,0.0,1.5,1.5
2024-09-24,0.073,-0.12,-0.12,1.5,1.5
2024-09-25,0.404,0.0,0.0,2.5,2.5
2024-09-26,0.81,-1.0,-1.0,-0.5,-0.5
2024-09-27,-0.264,0.56,0.56,1.5,1.5
2024-09-30,-0.961,-0.06,-0.06,2.5,2.5
2024-10-01,0.033,0.0,0.0,0.5,0.5
2024-10-03,-0.797,0.5,0.5,0.5,0.5
2024-10-04,-0.664,-0.78,-0.78,1.5,1.5
2024-10-07,-1.15,-0.72,-0.72,0.5,0.5
2024-10-08,0.729,0.78,0.78,2.5,2.5
2024-10-09,-0.335,0.5,0.5,2.5,2.5
2024-10-10,-0.274,0.5,0.5,1.5,1.5
2024-10-11,-0.084,-0.3,-0.3,2.5,2.5
2024-10-14,0.418,-0.16,-0.16,1.5,1.5
2024-10-15,-0.512,-0.5,-0.5,2.5,2.5
2024-10-16,-0.149,-0.5,-0.5,-0.5,-0.5
2024-10-17,-1.109,0.0,0.0,2.5,2.5
2024-10-18,0.767,0.5,0.5,2.5,2.5
2024-10-21,-0.701,0.0,0.0,2.5,2.5
2024-10-22,-1.317,-0.22,-0.22,1.5,1.5
2024-10-23,0.235,0.0,0.0,2.5,2.5
2024-10-24,-0.054,-0.23,-0.23,2.5,2.5
2024-10-25,-0.972,0.39,0.39,0.5,0.5
2024-10-28,0.363,0.5,0.5,2.5,2.5
2024-10-29,0.567,0.0,0.0,2.5,2.5
2024-10-30,-0.126,0.5,0.5,1.5,1.5
2024-10-31,-0.593,-0.44,-0.44,-2.5,-2.5
2024-11-01,0.007,-0.47,-0.33,-1.5,-1.5
2024-11-04,-1.318,0.06,0.06,2.5,2.5
2024-11-05,1.241,0.22,0.22,-0.5,-0.5
2024-11-06,0.721,-0.16,-0.16,2.5,2.5
2024-11-07,-1.185,0.34,0.34,1.5,1.5
2024-11-08,-0.246,-0.34,-0.34,1.5,1.5
2024-11-11,0.224,-1.0,-0.72,0.5,0.5
2024-11-12,-1.413,0.34,0.34,2.5,2.5
2024-11-13,-1.106,1.0,1.0,2.5,2.5
2024-11-14,-0.04,0.0,0.0,1.5,1.5
2024-11-18,-0.642,0.5,0.5,2.5,2.5
2024-11-19,-0.047,-0.56,-0.56,0.5,0.5
2024-11-21,-0.59,-0.707,-0.707,2.5,2.5
2024-11-22,2.116,-0.5,-0.5,2.5,2.5
2024-11-25,-0.13,-0.36,-0.36,0.5,0.5
2024-11-26,-0.611,0.5,0.5,2.5,2.5
2024-11-27,0.29,-0.3,-0.3,2.5,2.5
2024-11-28,-1.483,-0.3,-0.3,2.5,2.5
2024-11-29,0.852,-0.58,-0.58,2.5,2.5
2024-12-02,0.56,0.5,0.5,1.5,1.5
2024-12-03,0.368,-0.06,-0.06,1.5,1.5
2024-12-04,-0.087,0.22,0.22,1.5,1.5
2024-12-05,0.69,0.39,0.39,0.5,0.5
2024-12-06,-0.209,-1.0,-1.0,1.5,1.5
2024-12-09,-0.06,0.78,0.78,1.5,1.5
2024-12-10,-0.173,-0.207,-0.207,0.5,0.5
2024-12-11,0.087,-0.36,-0.36,2.5,2.5
2024-12-12,-0.227,-0.78,-0.78,1.5,1.5
2024-12-13,1.102,-0.12,-0.12,2.5,2.5
2024-12-16,-0.344,0.14,0.14,2.5,2.5
2024-12-17,-1.012,0.5,0.5,2.5,2.5
2024-12-18,-0.408,-0.293,-0.293,2.5,2.5
2024-12-19,0.312,0.0,0.0,-0.5,-0.5
2024-12-20,-1.558,-0.72,-0.72,1.5,1.5
2024-12-23,0.064,-0.06,-0.06,2.5,2.5
2024-12-24,-0.174,-1.0,-1.0,0.5,0.5
2024-12-26,-0.108,-0.44,-0.44,2.5,2.5
2024-12-27,0.05,-0.16,0.28,1.5,1.5
2024-12-30,-0.639,0.5,0.5,-1.5,-1.5
2024-12-31,0.357,0.78,0.78,-0.5,-0.5
2025-01-01,0.445,0.0,0.0,1.5,1.5
2025-01-02,1.706,-1.0,-1.0,2.5,2.5
2025-01-03,-0.792,0.06,0.06,0.5,0.5
2025-01-06,-1.787,0.17,0.17,1.5,1.5
2025-01-07,0.118,-0.16,-0.16,2.5,2.5
2025-01-08,-0.243,0.34,0.34,0.5,0.5
2025-01-09,-0.626,0.28,0.28,1.5,1.5
2025-01-10,-0.511,0.12,0.12,2.5,2.5
2025-01-13,-0.472,0.34,0.34,1.5,2.5
2025-01-14,0.044,-0.16,-0.16,1.5,1.5
2025-01-15,-0.16,0.06,0.06,2.5,2.5
2025-01-16,-0.28,-0.22,-0.22,2.5,2.5
2025-01-17,-0.317,-0.06,-0.06,0.5,0.5
2025-01-20,0.233,0.0,0.0,2.5,2.5
2025-01-21,-1.695,-0.12,-0.12,1.5,1.5
2025-01-22,0.243,-0.78,-0.78,1.5,1.5
2025-01-23,0.333,-0.013,-0.013,-0.5,-0.5
2025-01-24,-0.396,-0.44,-0.44,1.5,1.5
2025-01-27,-0.484,0.16,0.16,2.5,2.5
2025-01-28,-0.014,0.5,0.5,0.5,0.5
2025-01-29,0.592,-0.56,-0.56,-2.5,-2.5
2025-01-30,0.345,-0.25,-0.25,1.5,1.5
2025-01-31,0.908,0.5,0.5,2.5,2.5
2025-02-01,-0.197,-0.16,-0.087,1.5,1.5
2025-02-03,0.179,0.08,0.08,2.5,2.5
2025-02-04,0.976,0.5,0.5,2.5,2.5
2025-02-05,-0.443,-0.34,-0.34,2.5,2.5
2025-02-06,-0.667,0.12,-0.58,0.5,0.5
2025-02-07,-0.379,-0.25,-0.25,1.5,1.5
2025-02-10,-0.689,0.45,0.45,2.5,2.5
2025-02-11,-1.333,0.17,0.17,0.5,0.5
2025-02-12,-0.024,0.72,0.72,2.5,2.5
2025-02-13,-0.106,0.5,0.5,2.5,2.5
2025-02-14,-0.724,0.72,0.72,1.5,1.5
2025-02-17,0.656,-0.44,-0.44,1.5,1.5
2025-02-18,-0.08,-0.12,-0.12,1.5,1.5
2025-02-19,0.375,-0.12,-0.12,2.5,2.5
2025-02-20,0.403,-0.16,-0.16,1.5,1.5
2025-02-21,-0.268,-0.56,-0.56,1.5,1.5
2025-02-24,-0.248,0.5,0.5,1.5,1.5
2025-02-25,0.138,0.28,0.28,1.5,1.5
2025-02-27,-0.106,-0.86,-0.86,-1.5,-1.5
2025-02-28,-1.376,0.5,0.5,0.5,0.5
2025-03-03,-0.339,0.5,0.06,0.5,0.5
2025-03-04,0.492,-0.16,-0.16,2.5,2.5
2025-03-05,1.197,-0.16,-0.16,1.5,1.5
2025-03-06,0.304,-0.5,-0.5,1.5,1.5
2025-03-07,0.195,0.36,0.36,2.5,2.5
2025-03-10,-0.273,-0.073,-0.073,2.5,2.5
2025-03-11,0.68,-0.86,-0.86,1.5,1.5
2025-03-12,-0.292,0.0,0.0,2.5,2.5
2025-03-13,-0.64,0.0,0.0,-0.5,-0.5
2025-03-17,0.696,-0.28,-0.187,1.5,1.5
2025-03-18,0.759,-0.593,-0.5,-0.5,-0.5
2025-03-19,0.143,-0.16,-0.16,2.5,2.5
2025-03-20,0.669,-0.147,-0.147,2.5,2.5
2025-03-21,0.786,0.0,0.0,1.5,1.5
2025-03-24,0.608,0.28,0.28,0.5,0.5
2025-03-25,-0.349,-1.0,-1.0,2.5,2.5
2025-03-26,-0.903,0.5,0.5,2.5,2.5
2025-03-27,0.674,-0.34,-0.34,2.5,2.5
2025-03-28,-0.343,-0.087,-0.087,0.5,0.5
2025-04-01,-0.751,-0.34,0.127,-0.5,-0.5
2025-04-02,0.603,0.12,0.12,2.5,2.5
2025-04-03,0.431,1.0,1.0,2.5,2.5
2025-04-04,-1.233,0.3,0.3,2.5,2.5
2025-04-07,1.853,-0.72,-0.72,0.5,0.5
2025-04-08,0.397,-0.5,-0.5,1.5,1.5
2025-04-09,-0.272,-0.34,-0.34,1.5,1.5
2025-04-11,0.587,0.5,0.5,-0.5,-0.5
2025-04-15,-0.17,0.12,0.12,1.5,1.5
2025-04-16,0.399,0.06,0.06,1.5,1.5
2025-04-17,1.922,-0.56,0.0,0.5,0.5
2025-04-21,0.737,-0.78,-0.78,2.5,2.5
2025-04-22,-0.075,0.5,0.5,0.5,0.5
2025-04-23,-0.118,-0.16,-0.16,1.5,1.5
2025-04-24,-0.129,-0.2,-0.2,2.5,2.5
2025-04-25,-1.028,-0.707,-0.707,2.5,2.5
2025-04-28,1.073,0.5,0.5,0.5,0.5
2025-04-29,-0.143,-0.16,-0.16,2.5,2.5
2025-04-30,-0.032,0.5,0.5,2.5,2.5
2025-05-02,0.143,0.16,0.16,1.5,1.5
2025-05-05,0.171,0.0,0.0,2.5,2.5
2025-05-06,-0.494,-0.34,-0.34,-0.5,-0.5
2025-05-07,0.747,0.0,0.0,0.5,0.5
2025-05-08,-0.645,0.22,0.22,2.5,2.5
2025-05-09,0.302,0.5,0.5,2.5,2.5
2025-05-12,2.066,-0.78,-0.78,2.5,2.5
2025-05-13,-1.149,0.56,0.56,1.5,2.5
2025-05-14,0.216,-1.0,-1.0,1.5,1.5
2025-05-15,1.489,-0.44,-0.44,2.5,2.5
2025-05-16,-0.179,0.16,0.16,0.5,0.5
2025-05-19,-0.24,1.0,1.0,2.5,2.5
2025-05-20,-1.249,-0.16,-0.16,2.5,2.5
2025-05-21,0.28,0.22,0.22,-0.5,-0.5
2025-05-22,-0.502,-0.78,-0.78,0.5,0.5
2025-05-23,0.867,-1.0,-1.0,2.5,2.5
2025-05-26,0.328,0.06,0.06,-1.5,-1.5
2025-05-27,-0.523,-0.5,-0.5,-1.5,-1.5
2025-05-28,-0.322,0.34,0.34,1.5,1.5
2025-05-29,0.034,1.0,1.0,1.5,1.5
2025-05-30,-0.249,0.0,0.0,-0.5,-0.5
2025-06-02,0.19,0.06,0.06,1.5,1.5
2025-06-03,-0.984,-0.16,-0.16,2.5,2.5
2025-06-04,0.243,0.06,0.06,0.5,0.5
2025-06-05,0.242,0.0,0.0,0.5,0.5
2025-06-06,1.028,-0.5,-0.5,1.5,1.5
2025-06-09,-0.226,-0.44,-0.44,2.5,2.5
2025-06-10,-0.364,0.0,0.0,0.5,0.5
2025-06-11,0.029,0.44,0.44,2.5,2.5
2025-06-12,-1.098,-0.16,-0.16,2.5,2.5
2025-06-13,1.004,-0.12,-0.12,2.5,2.5
2025-06-16,0.866,-1.0,-1.0,1.5,1.5
2025-06-17,-0.498,-0.12,-0.12,1.5,1.5
2025-06-18,0.096,0.39,0.39,2.5,2.5
2025-06-19,-0.04,0.5,0.5,2.5,2.5
2025-06-20,1.31,0.28,0.28,0.5,0.5
2025-06-23,0.129,0.12,0.12,1.5,1.5
2025-06-24,-0.538,0.5,0.5,-0.5,-0.5
2025-06-25,0.375,0.5,0.5,-1.5,-2.5
2025-06-26,1.108,0.89,0.89,1.5,1.5
2025-06-27,0.239,0.06,0.06,1.5,1.5
2025-06-30,-0.563,-0.44,-0.44,1.5,1.5
2025-07-01,-0.037,-0.06,-0.06,1.5,1.5
2025-07-02,-0.527,0.56,0.56,2.5,2.5
2025-07-03,-0.391,0.5,0.5,1.5,1.5
2025-07-04,0.126,0.78,0.78,0.5,0.5
2025-07-07,0.043,-1.0,-1.0,2.5,2.5
2025-07-08,0.372,-1.0,-1.0,2.5,2.5
2025-07-09,-0.151,0.0,0.0,0.5,0.5
2025-07-10,-0.613,0.28,0.28,2.5,2.5
2025-07-11,-0.418,0.28,-0.16,1.5,1.5
2025-07-14,-0.267,0.0,0.0,0.5,0.5
2025-07-15,0.424,-0.12,-0.12,2.5,2.5
2025-07-16,0.061,0.5,0.5,2.5,2.5
2025-07-17,-0.473,-0.5,-0.5,1.5,1.5
2025-07-18,-0.558,-0.22,-0.22,2.5,2.5
2025-07-21,0.367,1.0,1.0,2.5,2.5
2025-07-22,-0.42,-0.06,0.5,1.5,1.5
2025-07-23,0.32,0.34,0.34,-0.5,-0.5
2025-07-24,-0.718,-0.78,-0.78,-1.5,-1.5
2025-07-25,-0.693,0.5,0.5,0.5,0.5
2025-07-28,-0.41,0.06,0.06,-0.5,-0.5
2025-07-29,0.859,0.22,0.22,2.5,2.5
2025-07-30,-0.142,0.5,0.5,2.5,2.5
2025-07-31,0.512,0.28,0.28,2.5,2.5
2025-08-01,-0.685,0.45,0.45,2.5,2.5
2025-08-04,0.515,-1.0,-1.0,1.5,1.5
2025-08-05,-0.286,-0.22,-0.22,2.5,2.5
2025-08-06,-0.273,0.0,0.0,1.5,1.5
2025-08-07,0.539,0.0,0.0,1.5,1.5
2025-08-08,-0.737,0.0,0.0,0.5,0.5
2025-08-11,0.876,-0.72,-0.72,1.5,1.5
2025-08-12,-0.309,-0.34,-0.34,2.5,2.5
2025-08-13,0.135,0.0,0.0,-0.5,-0.5
2025-08-14,0.098,-0.12,-0.12,1.5,1.5
2025-08-18,-0.246,0.56,0.56,1.5,1.5
2025-08-19,0.359,0.16,0.16,2.5,2.5
2025-08-20,0.339,-0.25,-0.25,1.5,1.5
2025-08-21,-0.232,-0.5,-0.5,1.5,1.5
2025-08-22,-0.774,-0.5,-0.5,-1.5,-1.5
2025-08-25,0.075,-0.5,-0.5,2.5,2.5
2025-08-26,-0.753,-1.0,-1.0,2.5,2.5
2025-08-28,-0.789,-0.16,-0.16,2.5,2.5
2025-08-29,-0.163,0.34,0.34,2.5,2.5
2025-09-01,0.787,-0.16,-0.16,-0.5,-0.5
2025-09-02,-0.298,-0.22,-0.22,1.5,1.5
2025-09-03,0.4,0.17,0.17,2.5,2.5
2025-09-04,-0.987,-0.72,-0.72,2.5,2.5
2025-09-05,-0.314,0.5,0.5,2.5,2.5
2025-09-08,-0.119,0.5,0.5,1.5,1.5
2025-09-09,0.018,-1.0,-1.0,1.5,1.5
2025-09-10,-0.072,-0.72,-0.72,2.5,2.5
2025-09-11,0.241,-0.78,-0.78,-0.5,-0.5
2025-09-12,0.158,-0.72,-0.72,1.5,1.5
2025-09-15,-0.198,0.0,0.0,-0.5,-0.5
2025-09-16,0.66,0.12,0.12,1.5,1.5
2025-09-17,0.212,-0.5,-0.5,1.5,1.5
2025-09-18,-0.069,-1.0,-1.0,2.5,2.5
2025-09-19,-0.327,0.0,0.0,2.5,2.5
2025-09-22,-0.142,-0.5,-0.5,0.5,0.5
2025-09-23,-0.157,0.5,0.5,2.5,2.5
2025-09-24,-0.207,-0.06,-0.06,2.5,2.5
2025-09-25,-0.574,0.78,0.78,1.5,1.5
2025-09-26,-0.66,0.0,0.0,-0.5,-0.5
2025-09-29,-0.379,0.0,0.0,2.5,2.5
2025-09-30,-0.327,0.0,0.0,2.5,2.5
2025-10-01,0.876,-0.5,-0.5,-0.5,-0.5
2025-10-03,0.544,-0.5,-0.5,1.5,1.5
2025-10-06,0.647,-0.25,-0.25,0.5,0.5
2025-10-07,0.092,0.56,0.56,1.5,1.5
2025-10-08,-0.134,-0.5,-0.5,2.5,2.5
2025-10-09,0.429,-0.16,-0.16,2.5,2.5
2025-10-10,0.468,-0.16,-0.16,-0.5,-0.5
2025-10-13,0.199,0.16,-0.22,1.5,1.5
2025-10-14,-0.522,-0.167,-0.167,2.5,2.5
2025-10-15,0.562,-0.3,-0.3,0.5,0.5
2025-10-16,0.75,0.22,0.22,1.5,1.5
2025-10-17,0.638,0.78,0.78,2.5,2.5
2025-10-20,0.072,0.5,0.5,-2.5,-2.5
2025-10-21,-0.126,-0.5,-0.5,-2.5,-2.5
2025-10-23,-0.636,-0.375,-0.375,2.5,2.5
2025-10-24,-0.54,0.0,0.0,2.5,2.5
2025-10-27,0.475,-0.16,-0.16,1.5,1.5
2025-10-28,-0.014,0.34,0.34,2.5,2.5
2025-10-29,0.277,-0.34,-0.34,1.5,1.5
2025-10-30,-0.41,0.5,0.5,1.5,1.5
2025-10-31,-0.548,-0.22,-0.22,0.5,-0.5
2025-11-03,0.259,-0.05,-0.05,2.5,2.5
2025-11-04,-0.571,-1.0,-1.0,0.5,0.5
2025-11-06,-0.327,0.0,0.0,1.5,1.5
2025-11-07,0.23,0.5,0.5,1.5,1.5
2025-11-10,0.278,-0.167,-0.167,2.5,2.5
2025-11-11,0.304,-0.3,-0.3,2.5,2.5
2025-11-12,0.161,0.44,0.44,2.5,2.5
2025-11-13,-0.104,0.5,0.5,0.5,0.5
2025-11-14,0.552,-0.22,-0.22,0.5,1.5
2025-11-17,0.251,-0.16,-0.16,2.5,2.5
2025-11-18,-0.429,-0.64,-0.64,2.5,2.5
2025-11-19,0.519,-0.593,-0.593,-1.5,-1.5
2025-11-20,0.23,-0.127,-0.127,-1.5,-1.5
2025-11-21,-0.159,0.22,0.22,1.5,1.5
2025-11-24,-0.625,0.0,-0.14,-0.5,-0.5
2025-11-25,-0.437,0.5,0.5,1.5,1.5
2025-11-26,1.402,0.5,0.5,2.5,2.5
2025-11-27,-0.174,0.5,0.5,1.5,1.5
2025-11-28,-0.131,0.5,0.5,1.5,1.5
2025-12-01,-0.57,0.28,0.28,1.5,1.5
2025-12-02,-0.214,-0.78,-0.78,2.5,2.5
2025-12-03,-0.073,-0.16,-0.16,1.5,1.5
2025-12-04,0.2,0.28,0.28,0.5,0.5
2025-12-05,0.718,0.5,0.5,2.5,2.5
2025-12-08,-0.762,0.12,0.12,0.5,0.5
2025-12-09,-0.106,-1.0,-1.0,2.5,2.5
2025-12-10,-0.41,0.0,0.0,1.5,1.5
2025-12-11,0.493,0.34,0.34,1.5,1.5
2025-12-12,0.292,0.5,0.5,2.5,2.5
2025-12-15,0.375,0.5,0.5,2.5,2.5
2025-12-16,-0.352,-0.5,-0.5,1.5,1.5
2025-12-17,-0.324,-1.0,-1.0,2.5,2.5
2025-12-18,0.197,0.34,0.34,-0.5,-0.5
2025-12-19,0.212,-0.22,-0.22,-2.5,-2.5
2025-12-22,0.447,0.06,0.06,1.5,1.5
2025-12-23,-0.107,0.5,0.5,1.5,1.5
2025-12-24,-0.109,0.5,0.5,0.5,0.5
2025-12-26,-0.302,-0.5,-0.5,1.5,1.5
2025-12-29,-0.465,0.0,0.0,-0.5,-0.5
2025-12-30,-0.008,-0.427,-0.427,1.5,1.5
2025-12-31,0.61,-0.44,-0.44,2.5,2.5
2026-01-01,-0.102,0.5,0.5,2.5,2.5
2026-01-02,0.663,0.28,0.28,0.5,0.5
2026-01-05,-0.317,-1.0,-1.0,1.5,1.5
2026-01-06,-0.042,0.06,0.06,2.5,2.5
2026-01-07,-0.009,-0.34,-0.34,0.5,0.5
2026-01-08,-0.88,-0.625,-0.625,2.5,2.5
2026-01-09,-0.608,-0.093,-0.093,2.5,2.5
2026-01-12,0.472,-0.5,-0.5,-0.5,-0.5
2026-01-13,-0.637,-1.0,-1.0,0.5,0.5
2026-01-14,0.066,-0.56,-0.56,1.5,1.5
2026-01-16,-0.007,0.56,0.56,1.5,1.5
2026-01-19,-0.264,0.167,0.167,0.5,0.5
2026-01-20,-1.36,0.5,0.5,1.5,1.5
2026-01-21,0.066,-0.16,-0.16,1.5,1.5
2026-01-22,-0.214,0.5,0.5,0.5,0.5
2026-01-23,-1.168,0.0,0.0,1.5,1.5
2026-01-27,0.447,0.0,0.0,0.5,0.5
2026-01-28,0.332,0.0,0.0,1.5,1.5
2026-01-29,0.292,-0.625,-0.625,2.5,2.5
2026-01-30,0.29,0.0,0.0,1.5,1.5
2026-02-02,1.177,0.28,0.28,2.5,2.5
2026-02-03,-2.207,0.5,0.5,2.5,2.5
2026-02-04,0.393,0.22,0.22,1.5,1.5
2026-02-05,-0.439,-0.78,-0.78,0.5,0.5
2026-02-06,0.343,-1.0,-1.0,1.5,1.5
2026-02-09,-0.083,0.0,0.0,2.5,2.5
2026-02-10,0.048,-1.0,-1.0,1.5,1.5
2026-02-11,-0.168,0.0,0.0,-0.5,-0.5
2026-02-12,-0.384,0.5,0.5,1.5,1.5
2026-02-13,-0.391,0.12,0.12,2.5,2.5
2026-02-16,1.019,1.0,1.0,-1.5,-1.5
2026-02-17,0.341,-0.5,-0.5,-2.5,-2.5
2026-02-18,0.259,-0.5,-0.5,2.5,2.5
2026-02-19,-1.619,0.5,0.5,2.5,2.5
2026-02-20,0.648,-1.0,-1.0,2.5,2.5
2026-02-23,0.135,0.0,0.0,2.5,2.5
2026-02-24,-0.847,0.5,0.5,2.5,2.5
2026-02-25,-0.118,0.5,0.5,-0.5,-0.5
2026-02-26,-0.234,-1.0,-1.0,1.5,1.5
2026-02-27,-1.104,-0.5,-0.5,2.5,2.5
2026-03-02,0.837,-0.28,-0.28,-0.5,-0.5
2026-03-04,0.376,0.22,0.22,1.5,1.5
2026-03-05,0.609,0.22,0.22,1.5,1.5
2026-03-06,-0.835,0.5,0.5,1.5,1.5
2026-03-09,0.67,0.0,0.0,1.5,1.5
2026-03-10,-0.079,0.0,0.0,2.5,2.5
2026-03-11,-1.506,0.72,0.72,2.5,2.5
2026-03-12,-0.151,0.0,0.0,-0.5,-0.5
2026-03-13,-1.327,0.06,0.06,-0.5,-0.5
2026-03-16,1.266,-0.34,-0.34,2.5,2.5
2026-03-17,0.374,-1.0,-0.12,2.5,2.5
2026-03-18,0.613,-0.5,-0.5,-1.5,-1.5
2026-03-19,-0.843,-0.5,-0.5,-1.5,-1.5
2026-03-20,0.019,0.06,0.06,2.5,2.5
2026-03-23,-1.366,0.5,0.5,1.5,1.5
2026-03-24,0.148,0.5,0.5,2.5,2.5
2026-03-25,1.049,0.12,0.12,2.5,2.5
2026-03-27,-1.527,-1.0,-1.0,-0.5,-0.5
2026-03-30,-0.968,-0.78,-0.5,1.5,1.5
2026-04-01,-0.959,0.56,0.56,0.5,0.5
2026-04-02,1.473,0.5,0.5,1.5,1.5
2026-04-06,0.825,-1.0,-1.0,-0.5,-0.5
2026-04-07,1.248,-1.0,-1.0,1.5,1.5
2026-04-08,0.596,0.0,0.0,2.5,2.5
2026-04-09,-0.56,0.0,0.0,1.5,1.5
2026-04-10,0.712,1.0,1.0,2.5,2.5
2026-04-13,1.073,0.0,0.0,2.5,2.5
2026-04-15,0.279,0.0,0.0,2.5,2.5
2026-04-16,-0.773,0.5,0.5,0.5,0.5
2026-04-17,0.777,0.06,0.06,-2.5,-2.5
2026-04-20,-0.109,1.0,1.0,2.5,2.5
2026-04-21,0.829,0.72,0.72,2.5,2.5
2026-04-22,-0.379,0.0,0.0,1.5,1.5
2026-04-23,-0.121,1.0,1.0,1.5,2.5
2026-04-24,-0.841,0.0,0.0,1.5,1.5
2026-04-27,0.615,-0.12,-0.12,1.5,1.5
2026-04-28,-0.225,0.12,0.12,1.5,1.5
2026-04-29,0.335,-0.5,-0.5,2.5,2.5
2026-04-30,0.003,0.22,0.22,0.5,0.5
2026-05-04,0.232,-1.0,-1.0,1.5,1.5
2026-05-05,-0.082,0.0,0.0,0.5,0.5
2026-05-06,0.662,-1.0,-1.0,0.5,0.5
2026-05-07,-0.294,-0.16,-0.16,2.5,2.5
2026-05-08,-0.237,0.0,0.0,2.5,2.5
2026-05-11,-0.644,0.5,0.5,0.5,0.5
2026-05-12,-1.446,-0.5,-0.5,0.5,0.5
2026-05-13,0.215,0.5,0.5,1.5,1.5
2026-05-14,0.677,0.0,0.0,2.5,2.5
2026-05-15,-0.37,0.5,0.5,2.5,2.5
2026-05-18,0.714,1.0,1.0,2.5,2.5
2026-05-19,-0.242,0.06,0.06,1.5,1.5
2026-05-20,0.86,0.5,0.5,-0.5,-0.5
2026-05-21,-0.736,-0.16,-0.16,1.5,1.5
2026-05-22,0.203,-0.16,-0.16,2.5,2.5
2026-05-25,0.382,0.0,0.0,1.5,1.5
2026-05-26,-0.377,-0.5,-0.5,1.5,1.5
2026-05-27,0.112,-0.5,-0.5,1.5,1.5
2026-05-29,-1.483,0.0,0.0,1.5,1.5
2026-06-01,-1.149,-0.12,-0.12,2.5,2.5
2026-06-02,1.095,0.0,0.0,2.5,2.5
2026-06-03,-0.044,0.0,0.0,2.5,2.5
2026-06-04,0.576,0.06,0.06,0.5,0.5
2026-06-05,-0.478,-1.0,-1.0,2.5,2.5
2026-06-08,0.183,0.0,0.0,1.5,1.5
2026-06-09,-0.073,0.0,0.0,0.5,0.5
2026-06-10,-0.082,0.78,0.78,1.5,1.5
2026-06-11,0.248,0.5,0.5,2.5,2.5
2026-06-12,0.898,0.0,0.0,1.5,1.5
2026-06-15,-0.546,0.34,0.34,-2.5,-2.5
2026-06-16,0.273,-1.0,-1.0,2.5,2.5
2026-06-17,0.171,0.5,0.5,1.5,1.5
2026-06-18,0.391,-0.06,-0.06,-0.5,-0.5
2026-06-19,0.091,-0.72,-0.72,2.5,2.5
2026-06-22,-0.015,-1.0,-1.0,1.5,1.5
2026-06-23,-1.027,0.5,0.5,0.5,0.5
2026-06-24,0.949,0.0,0.0,0.5,0.5
2026-06-25,-0.29,-0.5,-0.5,2.5,2.5
2026-06-29,-0.48,0.0,0.0,2.5,2.5
2026-06-30,-0.692,0.12,0.12,2.5,2.5
2026-07-01,0.453,0.28,0.28,2.5,2.5
2026-07-02,0.472,0.0,0.0,1.5,1.5
2026-07-03,-0.43,0.5,0.5,1.5,1.5
2026-07-06,0.508,-0.16,-0.16,2.5,2.5
2026-07-07,-0.269,0.0,0.0,2.5,2.5
2026-07-08,-1.556,0.5,0.5,1.5,1.5
2026-07-09,0.141,0.0,0.0,0.5,0.5
2026-07-10,0.341,0.44,0.44,0.5,0.5
2026-07-13,0.714,0.0,0.0,-0.5,-0.5
2026-07-14,-0.066,0.23,0.23,-2.5,-2.5
2026-07-15,-0.031,0.34,0.34,2.5,2.5
2026-07-16,-0.287,-0.16,-0.16,1.5,1.5
2026-07-17,0.857,0.5,0.5,1.5,1.5
2026-07-20,0.2,0.0,0.0,2.5,2.5
2026-07-21,-0.117,0.72,0.72,2.5,2.5
2026-07-22,-0.638,0.0,0.0,0.5,0.5
2026-07-23,-0.147,-0.44,-0.44,0.5,0.5
2026-07-24,0.427,-0.56,-0.56,1.5,1.5
2026-07-27,0.282,-1.0,-1.0,1.5,1.5
2026-07-28,0.059,0.0,0.0,-0.5,-0.5
2026-07-29,0.304,0.34,0.34,2.5,2.5
2026-07-30,0.279,0.5,0.5,2.5,2.5
2026-07-31,0.091,0.0,0.0,2.5,2.5
2026-08-03,0.82,-0.44,-0.44,2.5,2.5
2026-08-04,-0.36,-0.11,-0.11,1.5,1.5
2026-08-05,-0.181,-0.5,-0.5,1.5,1.5
2026-08-06,-0.02,-0.22,-0.22,1.5,1.5
2026-08-07,0.129,0.12,0.12,0.5,0.5
2026-08-10,0.01,-1.0,-1.0,2.5,2.5
