date,open,close,ret_pct,score,thithi_bias,yogam_bias,panchang_score
2021-08-11,5623.9,5748.3,2.212,0.5,positive,positive,2.5
2021-08-12,5775.95,5769.25,-0.116,0.5,negative,positive,0.5
2021-08-13,5742.0,5799.3,0.998,0.25,positive,positive,2.5
2021-08-16,5818.8,5884.9,1.136,0.06,negative,positive,0.5
2021-08-17,5878.5,5749.4,-2.196,0.0,neutral,very negative,0.5
2021-08-18,5760.15,5702.6,-0.999,0.34,positive,negative,1.5
2021-08-20,5558.0,5335.95,-3.995,-0.16,positive,positive,2.5
2021-08-23,5410.8,5291.25,-2.209,0.22,positive,positive,2.5
2021-08-24,5359.95,5444.8,1.583,0.12,positive,negative,1.5
2021-08-25,5483.4,5474.05,-0.171,0.28,positive,negative,1.5
2021-08-26,5476.95,5404.7,-1.319,-0.06,negative,negative,-0.5
2021-08-27,5428.1,5492.7,1.19,-0.16,positive,positive,2.5
2021-08-30,5544.25,5628.1,1.512,0.0,positive,positive,2.5
2021-08-31,5639.95,5714.6,1.324,-0.25,negative,positive,0.5
2021-09-01,5737.3,5612.45,-2.176,0.0,neutral,positive,1.5
2021-09-02,5634.5,5653.3,0.334,0.5,positive,negative,1.5
2021-09-03,5660.75,5719.35,1.035,-0.16,positive,very negative,1.5
2021-09-06,5757.5,5742.7,-0.257,0.28,negative,positive,-1.5
2021-09-07,5765.8,5708.35,-0.996,0.22,positive,positive,0.5
2021-09-08,5716.9,5720.75,0.067,0.5,positive,positive,2.5
2021-09-09,5715.2,5765.15,0.874,0.0,positive,positive,2.5
2021-09-13,5803.6,5839.3,0.615,0.22,positive,positive,2.5
2021-09-14,5876.2,5810.35,-1.121,0.5,positive,positive,2.5
2021-09-15,5825.75,5859.05,0.572,-0.06,negative,positive,0.5
2021-09-16,5873.0,5822.5,-0.86,0.0,neutral,positive,1.5
2021-09-17,5836.35,5683.85,-2.613,0.0,positive,negative,1.5
2021-09-20,5565.2,5309.0,-4.604,-0.72,positive,negative,1.5
2021-09-21,5321.95,5444.45,2.302,0.28,positive,negative,1.5
2021-09-22,5466.85,5524.65,1.057,0.44,positive,positive,2.5
2021-09-23,5607.7,5616.05,0.149,0.28,positive,negative,1.5
2021-09-24,5621.95,5498.2,-2.201,0.28,negative,very negative,-0.5
2021-09-27,5501.4,5504.45,0.055,-0.015,positive,negative,1.5
2021-09-28,5522.1,5534.6,0.226,-0.347,positive,very negative,1.5
2021-09-29,5502.9,5661.25,2.878,0.033,positive,positive,2.5
2021-09-30,5686.1,5611.25,-1.316,0.12,negative,negative,-0.5
2021-10-01,5571.0,5638.8,1.217,-0.44,neutral,positive,1.5
2021-10-04,5669.7,5807.35,2.428,0.5,positive,positive,2.5
2021-10-05,5777.15,5800.3,0.401,-0.153,negative,positive,-1.5
2021-10-06,5825.1,5627.35,-3.395,-0.25,negative,positive,-1.5
2021-10-07,5697.9,5659.95,-0.666,0.077,positive,very negative,1.5
2021-10-08,5702.35,5681.45,-0.367,-0.28,positive,negative,1.5
2021-10-11,5718.8,5766.4,0.832,0.5,positive,positive,2.5
2021-10-12,5798.5,5829.35,0.532,0.5,positive,negative,1.5
2021-10-13,5845.6,5914.65,1.181,-0.34,positive,positive,2.5
2021-10-14,5978.75,6019.2,0.677,-1.0,negative,negative,-0.5
2021-10-18,6157.2,6253.1,1.558,0.5,positive,negative,1.5
2021-10-19,6312.2,6099.35,-3.372,0.06,negative,very negative,-0.5
2021-10-20,6085.9,5974.0,-1.839,0.06,positive,positive,2.5
2021-10-21,6019.55,5868.4,-2.511,-0.16,positive,positive,2.5
2021-10-22,5865.25,5690.1,-2.986,0.16,positive,negative,1.5
2021-10-25,5715.25,5679.65,-0.623,0.0,positive,negative,1.5
2021-10-26,5702.9,5830.65,2.24,-0.72,positive,positive,2.5
2021-10-27,5833.2,5741.9,-1.565,0.0,positive,positive,2.5
2021-10-28,5654.95,5544.55,-1.952,0.44,positive,positive,2.5
2021-10-29,5534.05,5563.4,0.53,-0.16,positive,positive,2.5
2021-11-01,5648.5,5733.75,1.509,0.28,positive,positive,2.5
2021-11-02,5764.65,5643.15,-2.108,0.28,positive,very negative,1.5
2021-11-03,5671.85,5695.45,0.416,0.0,negative,negative,-0.5
2021-11-04,5728.3,5697.95,-0.53,0.05,negative,positive,-1.5
2021-11-08,5751.1,5780.45,0.51,0.34,negative,positive,0.5
2021-11-09,5777.95,5761.6,-0.283,0.06,positive,negative,1.5
2021-11-10,5739.55,5660.45,-1.378,0.12,positive,negative,1.5
2021-11-11,5665.25,5681.0,0.278,0.5,positive,positive,2.5
2021-11-12,5759.6,5728.7,-0.536,0.44,negative,negative,-0.5
2021-11-15,5754.75,5624.3,-2.267,0.34,positive,positive,2.5
2021-11-16,5629.25,5586.35,-0.762,-0.28,positive,negative,1.5
2021-11-17,5563.85,5568.1,0.076,-0.16,positive,very negative,1.5
2021-11-18,5589.3,5423.9,-2.959,-1.0,negative,positive,0.5
2021-11-22,5433.05,5421.6,-0.211,-0.78,positive,positive,2.5
2021-11-23,5438.7,5600.4,2.973,-0.06,negative,positive,0.5
2021-11-24,5613.75,5602.6,-0.199,0.0,positive,positive,2.5
2021-11-25,5611.15,5624.0,0.229,0.133,positive,positive,2.5
2021-11-26,5545.0,5323.75,-3.99,0.0,positive,positive,2.5
2021-11-29,5312.0,5304.7,-0.137,0.28,neutral,positive,1.5
2021-11-30,5308.35,5201.7,-2.009,0.0,positive,positive,2.5
2021-12-01,5274.35,5322.2,0.907,-0.72,positive,positive,2.5
2021-12-02,5332.8,5405.05,1.355,0.28,positive,positive,2.5
2021-12-03,5404.15,5392.4,-0.217,-0.34,negative,negative,-2.5
2021-12-06,5393.15,5327.9,-1.21,-0.34,positive,negative,1.5
2021-12-07,5390.45,5494.45,1.929,0.17,negative,positive,0.5
2021-12-08,5535.7,5594.9,1.069,-1.0,positive,negative,1.5
2021-12-09,5625.65,5629.8,0.074,0.34,positive,very negative,1.5
2021-12-10,5608.1,5658.9,0.906,-0.34,positive,positive,2.5
2021-12-13,5738.95,5642.8,-1.675,-0.56,neutral,positive,1.5
2021-12-14,5620.0,5666.8,0.833,-0.56,positive,negative,1.5
2021-12-15,5671.65,5604.1,-1.191,0.16,positive,positive,2.5
2021-12-16,5646.85,5597.15,-0.88,0.16,positive,positive,2.5
2021-12-17,5576.7,5476.8,-1.791,-0.28,negative,positive,0.5
2021-12-20,5400.1,5269.6,-2.417,0.5,positive,positive,2.5
2021-12-21,5328.35,5424.6,1.806,0.12,positive,positive,2.5
2021-12-22,5469.95,5521.1,0.935,-0.16,positive,positive,2.5
2021-12-23,5560.6,5519.9,-0.732,0.5,negative,very negative,-0.5
2021-12-24,5541.3,5492.7,-0.877,0.12,positive,negative,1.5
2021-12-27,5477.65,5489.45,0.215,-1.0,positive,positive,2.5
2021-12-28,5520.9,5538.7,0.322,-0.16,negative,negative,-0.5
2021-12-29,5523.7,5480.55,-0.781,0.28,neutral,positive,1.5
2021-12-30,5480.3,5416.65,-1.161,0.72,positive,negative,1.5
2021-12-31,5436.15,5521.75,1.575,0.5,positive,negative,1.5
2022-01-03,5529.95,5628.1,1.775,-0.2,positive,very negative,-0.5
2022-01-04,5663.8,5606.85,-1.006,-0.413,positive,positive,2.5
2022-01-05,5600.6,5684.15,1.492,0.5,positive,positive,2.5
2022-01-06,5667.1,5656.0,-0.196,0.06,negative,negative,-0.5
2022-01-07,5677.0,5684.85,0.138,0.06,positive,very negative,1.5
2022-01-10,5714.65,5718.8,0.073,-0.16,positive,positive,2.5
2022-01-11,5692.35,5610.35,-1.441,0.28,negative,positive,0.5
2022-01-12,5669.95,5685.0,0.265,-1.0,neutral,positive,1.5
2022-01-13,5715.7,5882.75,2.923,0.5,positive,positive,2.5
2022-01-14,5857.75,5871.4,0.233,-0.25,positive,positive,2.5
2022-01-17,5879.55,5888.4,0.151,-0.16,positive,very negative,1.5
2022-01-18,5908.2,5755.15,-2.59,-0.16,positive,negative,1.5
2022-01-19,5751.8,5801.1,0.857,0.72,positive,positive,2.5
2022-01-20,5814.75,5831.15,0.282,0.22,positive,positive,2.5
2022-01-21,5800.65,5719.55,-1.398,-0.16,negative,positive,0.5
2022-01-24,5669.05,5420.45,-4.385,0.0,positive,positive,2.5
2022-01-25,5381.5,5485.15,1.926,0.72,positive,negative,1.5
2022-01-27,5411.2,5445.9,0.641,0.44,neutral,positive,1.5
2022-01-28,5497.7,5466.05,-0.576,0.0,positive,negative,1.5
2022-01-31,5543.0,5473.45,-1.255,-1.0,negative,positive,-1.5
2022-02-01,5530.55,5719.4,3.415,-0.75,negative,very negative,-2.5
2022-02-02,5763.0,5779.7,0.29,0.5,positive,positive,2.5
2022-02-03,5741.55,5761.6,0.349,-0.12,positive,negative,1.5
2022-02-04,5766.95,5829.5,1.085,0.06,negative,positive,0.5
2022-02-07,5837.75,5829.0,-0.15,0.28,positive,positive,2.5
2022-02-08,5867.95,5875.6,0.13,-1.0,positive,positive,2.5
2022-02-09,5914.25,5985.0,1.196,-0.67,negative,positive,0.5
2022-02-10,6015.5,6059.45,0.731,0.0,negative,positive,0.5
2022-02-11,6022.45,6023.8,0.022,0.56,neutral,very negative,0.5
2022-02-14,5892.75,5719.0,-2.949,-0.16,positive,positive,2.5
2022-02-15,5764.2,5845.5,1.41,0.28,negative,positive,0.5
2022-02-16,5878.15,5812.15,-1.123,0.72,positive,positive,2.5
2022-02-17,5842.05,5793.4,-0.833,0.78,positive,negative,1.5
2022-02-18,5779.9,5778.4,-0.026,-1.0,positive,positive,2.5
2022-02-21,5753.5,5658.95,-1.643,-0.16,positive,negative,1.5
2022-02-22,5540.25,5595.9,1.004,0.28,positive,positive,2.5
2022-02-23,5635.7,5608.9,-0.476,0.34,positive,very negative,1.5
2022-02-24,5427.15,5313.65,-2.091,-0.34,positive,positive,2.5
2022-02-25,5426.9,5618.7,3.534,-0.16,negative,positive,0.5
2022-02-28,5586.5,5896.85,5.555,-0.5,positive,positive,2.5
2022-03-02,5902.25,6136.7,3.972,0.06,negative,positive,-1.5
2022-03-03,6254.35,6210.25,-0.705,0.0,positive,positive,0.5
2022-03-04,6199.5,6010.15,-3.054,-0.34,positive,positive,2.5
2022-03-07,6014.3,6136.15,2.026,-0.14,positive,positive,2.5
2022-03-08,6161.65,6045.3,-1.888,0.207,positive,very negative,1.5
2022-03-09,6045.9,6024.6,-0.352,-0.147,positive,negative,1.5
2022-03-10,6017.7,6161.95,2.397,0.5,positive,positive,2.5
2022-03-11,6175.6,6190.05,0.234,0.12,negative,positive,0.5
2022-03-14,6187.25,6161.05,-0.423,0.0,positive,negative,1.5
2022-03-15,6113.4,5910.1,-3.325,0.28,positive,positive,2.5
2022-03-16,5973.85,6065.7,1.538,0.5,positive,negative,1.5
2022-03-17,6117.25,6183.8,1.088,-0.78,negative,negative,-0.5
2022-03-21,6236.8,6276.35,0.634,-0.28,negative,very negative,-0.5
2022-03-22,6326.9,6323.7,-0.051,-0.75,positive,positive,2.5
2022-03-23,6387.85,6399.95,0.189,-0.16,positive,positive,2.5
2022-03-24,6407.85,6498.2,1.41,0.28,positive,very negative,1.5
2022-03-25,6518.45,6500.2,-0.28,0.5,positive,positive,2.5
2022-03-28,6497.95,6559.4,0.946,-1.0,positive,positive,2.5
2022-03-29,6582.1,6571.85,-0.156,0.5,positive,positive,2.5
2022-03-30,6561.3,6428.95,-2.017,0.5,positive,positive,2.5
2022-03-31,6445.05,6423.7,-0.331,-0.5,negative,positive,-1.5
2022-04-01,6439.4,6477.2,0.587,0.34,negative,positive,-1.5
2022-04-04,6491.65,6606.1,1.763,0.5,positive,positive,2.5
2022-04-05,6648.5,6640.45,-0.121,0.5,negative,positive,0.5
2022-04-06,6628.95,6730.0,1.524,0.5,positive,positive,2.5
2022-04-07,6742.3,6618.35,-1.838,-1.0,positive,positive,2.5
2022-04-08,6665.9,6755.55,1.345,0.06,positive,positive,2.5
2022-04-11,6768.6,6774.9,0.093,0.0,neutral,negative,0.5
2022-04-12,6753.1,6589.25,-2.426,-0.22,positive,negative,1.5
2022-04-13,6642.4,6627.0,-0.232,-0.22,positive,negative,1.5
2022-04-18,6624.9,6648.95,0.363,-0.5,positive,negative,1.5
2022-04-19,6705.65,6578.0,-1.904,0.78,positive,very negative,1.5
2022-04-20,6618.2,6556.1,-0.938,0.44,negative,positive,0.5
2022-04-21,6581.85,6570.2,-0.177,-0.16,positive,negative,1.5
2022-04-22,6527.95,6440.65,-1.337,0.12,positive,positive,2.5
2022-04-25,6322.25,6256.8,-1.035,0.5,neutral,positive,1.5
2022-04-26,6309.6,6336.85,0.432,-0.16,positive,positive,2.5
2022-04-27,6301.8,6321.55,0.313,-0.25,positive,positive,2.5
2022-04-28,6400.05,6362.4,-0.588,-0.34,positive,very negative,1.5
2022-04-29,6397.4,6327.3,-1.096,-0.16,negative,negative,-0.5
2022-05-02,6272.6,6363.1,1.443,0.28,positive,positive,2.5
2022-05-04,6420.9,6158.55,-4.086,0.0,negative,negative,-0.5
2022-05-05,6242.05,6196.6,-0.728,0.5,negative,positive,0.5
2022-05-06,6077.3,6066.0,-0.186,-0.34,positive,negative,1.5
2022-05-09,5974.35,5942.8,-0.528,0.78,positive,positive,2.5
2022-05-10,5896.9,5633.85,-4.461,0.5,negative,negative,-0.5
2022-05-11,5649.2,5634.15,-0.266,0.56,neutral,very negative,0.5
2022-05-12,5581.75,5425.9,-2.792,-0.5,positive,positive,2.5
2022-05-13,5514.55,5313.05,-3.654,-1.0,positive,positive,2.5
2022-05-16,5401.5,5359.95,-0.769,-0.11,positive,negative,1.5
2022-05-17,5447.0,5727.45,5.149,0.56,positive,positive,2.5
2022-05-18,5770.25,5708.95,-1.062,-0.12,positive,positive,2.5
2022-05-19,5567.15,5476.25,-1.633,-0.56,negative,positive,0.5
2022-05-20,5649.95,5706.35,0.998,0.0,positive,positive,2.5
2022-05-23,5491.2,5241.6,-4.545,0.5,positive,very negative,1.5
2022-05-24,5262.3,5180.3,-1.558,-0.56,negative,negative,-0.5
2022-05-25,5205.45,5079.25,-2.424,-0.56,neutral,positive,1.5
2022-05-26,5124.35,5214.75,1.764,-0.16,positive,positive,2.5
2022-05-27,5295.1,5211.5,-1.579,-0.5,positive,positive,2.5
2022-05-30,5238.05,5264.05,0.496,0.78,negative,positive,-1.5
2022-05-31,5243.8,5332.75,1.696,0.5,positive,negative,1.5
2022-06-01,5350.9,5336.7,-0.265,0.12,positive,negative,1.5
2022-06-02,5344.55,5397.55,0.992,-0.34,positive,negative,1.5
2022-06-03,5445.8,5328.8,-2.148,-0.44,negative,positive,0.5
2022-06-06,5284.85,5388.65,1.964,-0.34,positive,positive,2.5
2022-06-07,5352.3,5340.85,-0.214,0.0,positive,positive,2.5
2022-06-08,5366.45,5348.2,-0.34,0.17,negative,negative,-0.5
2022-06-09,5302.2,5278.2,-0.453,0.5,neutral,very negative,0.5
2022-06-10,5204.2,5199.95,-0.082,-0.78,positive,positive,2.5
2022-06-13,5105.6,5000.0,-2.068,-0.16,negative,positive,0.5
2022-06-14,5056.0,5018.3,-0.746,0.0,positive,positive,2.5
2022-06-15,4992.55,4982.3,-0.205,0.22,positive,positive,2.5
2022-06-16,5046.05,4721.3,-6.436,-0.78,positive,positive,2.5
2022-06-17,4691.25,4724.85,0.716,-0.56,negative,positive,0.5
2022-06-20,4714.25,4540.55,-3.685,-0.56,positive,positive,2.5
2022-06-21,4604.35,4720.75,2.528,0.34,positive,positive,2.5
2022-06-22,4671.05,4490.75,-3.86,-0.16,negative,positive,0.5
2022-06-23,4500.5,4523.0,0.5,0.5,neutral,negative,0.5
2022-06-24,4558.5,4596.6,0.836,-0.28,positive,positive,2.5
2022-06-27,4683.1,4666.3,-0.359,0.0,negative,negative,-0.5
2022-06-28,4657.55,4744.0,1.856,-0.28,negative,positive,-1.5
2022-06-29,4695.35,4755.4,1.279,-0.5,positive,negative,-0.5
2022-06-30,4764.7,4660.9,-2.179,-1.0,positive,negative,1.5
2022-07-01,4629.95,4696.5,1.437,0.0,positive,very negative,1.5
2022-07-04,4653.25,4649.95,-0.071,-1.0,positive,negative,1.5
2022-07-05,4675.85,4663.75,-0.259,0.28,positive,very negative,1.5
2022-07-06,4635.2,4665.3,0.649,0.5,positive,positive,2.5
2022-07-07,4717.55,4842.2,2.642,0.0,positive,negative,1.5
2022-07-08,4908.8,4799.55,-2.226,-0.05,negative,positive,0.5
2022-07-11,4776.5,4893.9,2.458,-0.16,positive,positive,2.5
2022-07-12,4855.3,4834.05,-0.438,-0.16,negative,positive,0.5
2022-07-13,4843.1,4872.55,0.608,-0.16,positive,positive,2.5
2022-07-14,4905.2,4870.35,-0.71,0.36,positive,negative,1.5
2022-07-15,4872.2,4830.7,-0.852,0.5,positive,positive,2.5
2022-07-18,4888.5,4950.95,1.277,-0.087,positive,positive,2.5
2022-07-19,4926.2,4991.0,1.315,0.67,positive,negative,1.5
2022-07-20,5069.8,5046.7,-0.456,1.0,positive,positive,2.5
2022-07-21,5059.3,5090.1,0.609,0.56,negative,negative,-0.5
2022-07-22,5119.9,5094.1,-0.504,0.28,negative,negative,-0.5
2022-07-25,5086.3,5168.55,1.617,0.0,positive,negative,1.5
2022-07-26,5189.2,5153.4,-0.69,0.34,positive,very negative,1.5
2022-07-27,5150.15,5193.65,0.845,-0.72,negative,positive,-1.5
2022-07-28,5237.3,5282.1,0.855,0.16,negative,positive,-1.5
2022-07-29,5346.75,5485.8,2.601,0.17,positive,negative,-0.5
2022-08-01,5551.0,5578.15,0.489,0.28,negative,negative,-0.5
2022-08-02,5557.65,5563.45,0.104,0.5,positive,positive,2.5
2022-08-03,5561.7,5553.15,-0.154,0.5,positive,positive,2.5
2022-08-04,5597.3,5620.35,0.412,-0.16,positive,positive,2.5
2022-08-05,5641.3,5595.85,-0.806,0.28,positive,positive,2.5
2022-08-08,5617.05,5668.0,0.907,0.06,positive,very negative,1.5
2022-08-10,5694.8,5759.6,1.138,-0.05,positive,positive,2.5
2022-08-11,5806.65,5758.85,-0.823,-0.12,negative,positive,0.5
2022-08-12,5767.85,5853.45,1.484,-0.44,positive,positive,2.5
2022-08-16,5869.05,5893.4,0.415,-0.16,positive,negative,1.5
2022-08-17,5914.45,5922.8,0.141,-0.12,positive,negative,1.5
2022-08-18,5913.9,5977.15,1.07,0.23,positive,positive,2.5
2022-08-19,6006.25,5883.25,-2.048,-0.16,positive,negative,1.5
2022-08-22,5856.95,5708.1,-2.541,-0.16,positive,positive,2.5
2022-08-23,5670.25,5789.2,2.098,-0.34,positive,negative,1.5
2022-08-24,5799.35,5830.05,0.529,0.0,positive,very negative,1.5
2022-08-25,5863.8,5800.1,-1.086,0.28,positive,positive,2.5
2022-08-26,5849.85,5902.7,0.903,0.5,negative,negative,-2.5
2022-08-29,5724.35,5812.25,1.536,0.34,positive,positive,2.5
2022-08-30,5866.25,5934.6,1.165,-1.0,positive,positive,2.5
2022-09-01,5855.75,5878.95,0.396,0.0,positive,positive,2.5
2022-09-02,5908.1,5887.7,-0.345,0.22,positive,positive,2.5
2022-09-05,5908.15,5985.75,1.313,0.0,neutral,positive,1.5
2022-09-06,6010.95,6064.7,0.894,-0.05,positive,positive,2.5
2022-09-07,6017.25,6066.4,0.817,0.12,positive,positive,2.5
2022-09-08,6105.3,6011.5,-1.536,0.25,positive,negative,1.5
2022-09-09,6058.8,6025.3,-0.553,-0.06,negative,positive,0.5
2022-09-12,6065.85,6080.95,0.249,0.5,positive,negative,1.5
2022-09-13,6111.25,6158.9,0.78,-0.56,positive,negative,1.5
2022-09-14,6076.75,6256.3,2.955,0.28,negative,very negative,-0.5
2022-09-15,6268.3,6263.9,-0.07,0.5,positive,positive,2.5
2022-09-16,6216.45,6137.65,-1.268,0.0,positive,positive,2.5
2022-09-19,6156.6,6110.1,-0.755,0.5,negative,positive,0.5
2022-09-20,6165.55,6205.6,0.65,0.0,neutral,negative,0.5
2022-09-21,6194.55,6076.1,-1.912,0.28,positive,positive,2.5
2022-09-22,6059.15,6100.75,0.687,-0.16,positive,positive,2.5
2022-09-23,6140.5,6027.35,-1.843,-0.34,positive,positive,2.5
2022-09-26,5971.25,5778.25,-3.232,1.0,positive,positive,0.5
2022-09-27,5818.65,5728.65,-1.547,-1.0,positive,positive,2.5
2022-09-28,5666.15,5617.65,-0.856,0.28,positive,very negative,1.5
2022-09-29,5688.85,5645.95,-0.754,-0.22,negative,negative,-0.5
2022-09-30,5659.5,5768.2,1.921,-0.44,positive,positive,2.5
2022-10-03,5772.0,5593.95,-3.085,-0.44,positive,positive,2.5
2022-10-04,5731.75,5769.3,0.655,-0.22,negative,negative,-0.5
2022-10-06,5832.3,5956.95,2.137,0.5,positive,negative,1.5
2022-10-07,5941.15,5931.55,-0.162,0.78,positive,negative,1.5
2022-10-10,5844.8,5916.4,1.225,0.5,positive,very negative,1.5
2022-10-11,5926.65,5785.95,-2.374,0.28,positive,positive,2.5
2022-10-12,5810.9,5798.15,-0.219,0.5,positive,positive,2.5
2022-10-13,5838.6,5804.25,-0.588,-0.44,negative,negative,-0.5
2022-10-14,5902.35,5767.2,-2.29,0.0,positive,very negative,1.5
2022-10-17,5740.5,5711.4,-0.507,-0.12,positive,positive,2.5
2022-10-18,5756.45,5775.05,0.323,0.28,positive,positive,2.5
2022-10-19,5791.5,5736.15,-0.956,-0.16,negative,positive,0.5
2022-10-20,5692.1,5801.7,1.925,-0.16,neutral,positive,1.5
2022-10-21,5817.7,5748.35,-1.192,-0.34,positive,positive,2.5
2022-10-24,5791.8,5789.05,-0.047,1.0,negative,very negative,-2.5
2022-10-25,5783.35,5812.45,0.503,-0.25,negative,negative,-2.5
2022-10-27,5877.95,5970.25,1.57,0.72,positive,positive,2.5
2022-10-28,5968.1,5883.35,-1.42,0.0,positive,positive,2.5
2022-10-31,5883.25,5896.35,0.223,0.5,positive,negative,1.5
2022-11-01,5860.7,6036.95,3.007,0.5,positive,negative,1.5
2022-11-02,6035.3,6075.7,0.669,0.5,negative,negative,-0.5
2022-11-03,6019.85,6068.75,0.812,0.0,neutral,negative,0.5
2022-11-04,6107.9,6324.15,3.54,-0.78,positive,very negative,1.5
2022-11-07,6367.3,6423.85,0.888,0.28,negative,negative,-0.5
2022-11-09,6438.3,6364.05,-1.153,0.22,positive,positive,2.5
2022-11-10,6325.9,6318.75,-0.113,0.5,positive,negative,1.5
2022-11-11,6387.4,6447.2,0.936,0.0,positive,positive,2.5
2022-11-14,6480.4,6558.5,1.205,-0.147,positive,positive,2.5
2022-11-15,6570.4,6589.55,0.291,0.12,positive,positive,2.5
2022-11-16,6587.8,6461.6,-1.916,0.44,positive,positive,2.5
2022-11-17,6444.15,6455.7,0.179,-0.34,negative,positive,0.5
2022-11-18,6471.4,6444.4,-0.417,0.28,negative,very negative,-0.5
2022-11-21,6505.15,6392.25,-1.736,0.0,positive,positive,2.5
2022-11-22,6403.5,6448.85,0.708,0.34,negative,positive,0.5
2022-11-23,6483.95,6422.85,-0.942,-0.72,negative,positive,-1.5
2022-11-24,6441.35,6440.7,-0.01,0.055,positive,negative,-0.5
2022-11-25,6442.75,6455.15,0.192,0.5,positive,negative,1.5
2022-11-28,6427.8,6381.35,-0.723,0.78,positive,positive,2.5
2022-11-29,6390.8,6447.35,0.885,0.5,positive,negative,1.5
2022-11-30,6464.15,6564.2,1.548,0.5,positive,very negative,1.5
2022-12-01,6613.6,6664.85,0.775,0.44,negative,positive,0.5
2022-12-02,6663.0,6694.5,0.473,0.17,neutral,negative,0.5
2022-12-05,6739.8,6819.75,1.186,0.06,positive,negative,1.5
2022-12-06,6795.85,6768.85,-0.397,-0.06,negative,positive,0.5
2022-12-07,6783.0,6709.3,-1.087,0.56,positive,positive,2.5
2022-12-08,6725.55,6756.95,0.467,-1.0,positive,positive,2.5
2022-12-09,6799.4,6681.55,-1.733,-0.16,positive,positive,2.5
2022-12-12,6661.95,6708.15,0.693,0.06,negative,positive,0.5
2022-12-13,6739.35,6722.0,-0.257,-0.44,positive,very negative,1.5
2022-12-14,6754.0,6805.85,0.768,0.12,positive,negative,1.5
2022-12-15,6791.4,6708.55,-1.22,0.06,positive,positive,2.5
2022-12-16,6673.05,6657.7,-0.23,0.67,positive,positive,2.5
2022-12-19,6667.85,6742.45,1.119,0.12,positive,negative,1.5
2022-12-20,6720.05,6750.3,0.45,0.5,positive,positive,2.5
2022-12-21,6785.55,6593.65,-2.828,0.06,positive,negative,1.5
2022-12-22,6630.65,6519.25,-1.68,-0.12,negative,negative,-2.5
2022-12-23,6449.2,6228.0,-3.43,-0.5,negative,negative,-2.5
2022-12-27,6422.45,6633.95,3.293,0.5,positive,positive,2.5
2022-12-28,6611.1,6615.75,0.07,0.06,positive,negative,1.5
2022-12-29,6567.75,6687.1,1.817,0.72,positive,very negative,1.5
2022-12-30,6739.4,6723.4,-0.237,0.72,positive,positive,2.5
2023-01-02,6768.5,6886.65,1.746,0.0,positive,positive,2.5
2023-01-03,6897.25,6850.05,-0.684,0.06,positive,positive,2.5
2023-01-04,6844.6,6705.85,-2.027,0.5,positive,positive,2.5
2023-01-05,6733.75,6761.2,0.408,-0.16,negative,positive,0.5
2023-01-06,6773.25,6697.3,-1.121,-0.16,positive,positive,2.5
2023-01-09,6766.1,6792.9,0.396,0.22,positive,negative,1.5
2023-01-10,6820.55,6741.7,-1.156,-0.72,positive,positive,2.5
2023-01-11,6779.0,6792.15,0.194,-0.34,negative,positive,0.5
2023-01-12,6815.8,6783.65,-0.472,0.11,positive,positive,2.5
2023-01-13,6800.7,6869.8,1.016,0.0,positive,positive,2.5
2023-01-16,6895.65,6779.25,-1.688,0.06,negative,negative,-0.5
2023-01-17,6776.5,6793.5,0.251,-0.22,neutral,negative,0.5
2023-01-18,6814.25,6905.8,1.344,-0.16,positive,positive,2.5
2023-01-19,6814.65,6867.3,0.773,-0.34,positive,negative,1.5
2023-01-20,6858.2,6805.25,-0.772,-0.06,positive,very negative,1.5
2023-01-23,6816.0,6777.85,-0.56,0.23,positive,very negative,1.5
2023-01-24,6800.25,6717.6,-1.215,0.0,positive,positive,2.5
2023-01-25,6708.4,6703.8,-0.069,-0.12,negative,negative,-0.5
2023-01-27,6710.3,6389.25,-4.784,0.16,positive,positive,2.5
2023-01-30,6426.45,6371.65,-0.853,-0.12,negative,positive,0.5
2023-01-31,6426.5,6468.4,0.652,-0.5,neutral,positive,1.5
2023-02-01,6513.55,6177.05,-5.166,-0.28,positive,positive,2.5
2023-02-02,6256.95,5908.2,-5.574,0.06,positive,very negative,1.5
2023-02-03,5899.85,5901.95,0.036,-0.12,positive,negative,1.5
2023-02-06,5882.55,5772.4,-1.872,0.5,positive,positive,2.5
2023-02-07,5695.3,5757.35,1.09,0.5,positive,positive,2.5
2023-02-08,5797.3,5975.15,3.068,-0.22,positive,negative,1.5
2023-02-09,5990.85,5880.7,-1.839,-0.44,negative,positive,0.5
2023-02-10,5808.45,5773.6,-0.6,0.0,positive,negative,1.5
2023-02-13,5772.45,5704.75,-1.173,-0.44,positive,positive,2.5
2023-02-14,5739.1,5762.85,0.414,-0.16,negative,negative,-0.5
2023-02-15,5767.5,5789.65,0.384,0.72,neutral,very negative,0.5
2023-02-16,5837.65,5860.75,0.396,-0.06,positive,positive,2.5
2023-02-17,5852.25,5807.7,-0.761,0.12,positive,negative,1.5
2023-02-20,5783.45,5762.95,-0.354,-0.16,negative,negative,-2.5
2023-02-21,5797.6,5744.15,-0.922,0.28,positive,positive,2.5
2023-02-22,5727.65,5592.3,-2.363,0.06,positive,positive,2.5
2023-02-23,5594.7,5611.8,0.306,0.5,negative,positive,0.5
2023-02-24,5643.35,5443.6,-3.54,0.34,positive,positive,2.5
2023-02-27,5435.75,5313.75,-2.244,1.0,positive,very negative,1.5
2023-02-28,5308.3,5269.1,-0.738,0.5,negative,negative,-0.5
2023-03-01,5312.3,5477.7,3.114,-0.75,neutral,positive,1.5
2023-03-02,5464.9,5473.35,0.155,-0.11,positive,positive,2.5
2023-03-03,5548.25,5667.9,2.157,0.0,positive,positive,2.5
2023-03-06,5726.8,5679.55,-0.825,0.28,negative,positive,0.5
2023-03-08,5670.3,5679.25,0.158,0.22,positive,negative,1.5
2023-03-09,5719.1,5682.75,-0.636,0.5,positive,negative,1.5
2023-03-10,5586.8,5635.7,0.875,-1.0,positive,positive,2.5
2023-03-13,5660.35,5585.25,-1.327,0.0,positive,positive,2.5
2023-03-14,5603.5,5517.35,-1.537,-0.34,positive,positive,2.5
2023-03-15,5581.75,5616.5,0.623,0.0,positive,negative,1.5
2023-03-16,5578.75,5471.75,-1.918,0.0,negative,very negative,-0.5
2023-03-17,5552.55,5602.6,0.901,0.5,neutral,negative,0.5
2023-03-20,5565.7,5470.85,-1.704,0.28,negative,positive,0.5
2023-03-21,5514.1,5494.5,-0.355,0.72,negative,positive,-1.5
2023-03-22,5512.25,5492.35,-0.361,-0.28,positive,positive,0.5
2023-03-23,5464.05,5497.85,0.619,0.72,positive,positive,2.5
2023-03-24,5520.8,5372.9,-2.679,0.06,positive,very negative,1.5
2023-03-27,5390.75,5372.85,-0.332,1.0,positive,positive,2.5
2023-03-28,5398.65,5330.3,-1.266,0.16,positive,positive,2.5
2023-03-29,5344.95,5460.2,2.156,-0.073,positive,positive,2.5
2023-03-31,5519.55,5497.45,-0.4,-0.14,neutral,positive,1.5
2023-04-03,5523.35,5477.85,-0.824,-0.08,positive,negative,1.5
2023-04-05,5472.8,5496.3,0.429,0.34,negative,negative,-0.5
2023-04-06,5495.25,5528.1,0.598,0.5,positive,very negative,1.5
2023-04-10,5548.9,5570.25,0.385,0.22,positive,very negative,1.5
2023-04-11,5601.45,5668.25,1.193,-0.16,positive,positive,2.5
2023-04-12,5699.2,5695.55,-0.064,-0.16,positive,negative,1.5
2023-04-13,5697.1,5710.05,0.227,0.0,positive,positive,2.5
2023-04-17,5704.3,5734.5,0.529,0.0,positive,positive,2.5
2023-04-18,5745.6,5749.0,0.059,-0.3,positive,positive,2.5
2023-04-19,5758.05,5779.65,0.375,0.34,negative,very negative,-2.5
2023-04-20,5784.9,5756.95,-0.483,-0.36,negative,negative,-2.5
2023-04-21,5764.35,5677.9,-1.5,0.06,positive,positive,2.5
2023-04-24,5666.6,5703.3,0.648,0.78,positive,negative,1.5
2023-04-25,5704.1,5738.25,0.599,-0.22,positive,positive,2.5
2023-04-26,5715.85,5713.2,-0.046,-0.16,positive,negative,1.5
2023-04-27,5707.55,5753.75,0.809,0.5,positive,negative,1.5
2023-04-28,5782.4,5799.4,0.294,0.28,positive,negative,1.5
2023-05-02,5828.4,5882.0,0.92,-1.0,positive,very negative,1.5
2023-05-03,5856.3,5824.25,-0.547,0.5,positive,positive,2.5
2023-05-04,5841.0,5895.05,0.925,0.56,negative,positive,0.5
2023-05-05,5902.45,5807.05,-1.616,-0.11,positive,negative,1.5
2023-05-08,5835.3,5845.65,0.177,-0.44,positive,positive,2.5
2023-05-09,5856.25,5836.85,-0.331,0.133,negative,positive,0.5
2023-05-10,5843.65,5822.1,-0.369,-0.16,positive,positive,2.5
2023-05-11,5848.9,5797.3,-0.882,0.28,positive,positive,2.5
2023-05-12,5784.45,5690.9,-1.617,0.5,positive,positive,2.5
2023-05-15,5698.55,5701.75,0.056,-0.16,positive,negative,1.5
2023-05-16,5732.7,5683.45,-0.859,0.5,positive,positive,2.5
2023-05-17,5677.75,5632.85,-0.791,0.16,positive,positive,2.5
2023-05-18,5666.55,5601.65,-1.145,0.573,negative,positive,0.5
2023-05-19,5620.55,5618.05,-0.044,0.58,negative,positive,-1.5
2023-05-22,5641.95,5797.5,2.757,0.0,positive,negative,1.5
2023-05-23,5855.8,5947.7,1.569,0.12,negative,negative,-0.5
2023-05-24,5965.9,5855.15,-1.856,0.5,positive,negative,1.5
2023-05-25,5830.4,5872.55,0.723,0.5,positive,positive,2.5
2023-05-26,5888.65,5935.4,0.794,1.0,positive,negative,1.5
2023-05-29,5973.3,5991.2,0.3,0.12,negative,positive,0.5
2023-05-30,6001.85,5936.55,-1.088,0.0,neutral,negative,0.5
2023-05-31,5900.7,5890.05,-0.18,-0.34,positive,very negative,1.5
2023-06-01,5907.3,5884.2,-0.391,-0.34,positive,positive,2.5
2023-06-02,5934.7,5956.0,0.359,-0.11,positive,negative,1.5
2023-06-05,5991.15,5975.9,-0.255,-0.16,positive,positive,2.5
2023-06-06,6002.85,5967.45,-0.59,0.28,positive,positive,2.5
2023-06-07,5995.0,6057.75,1.047,-0.16,negative,positive,0.5
2023-06-08,6072.45,6067.7,-0.078,-1.0,positive,positive,2.5
2023-06-09,6093.45,6039.35,-0.888,0.0,positive,very negative,1.5
2023-06-12,6068.35,6076.3,0.131,-0.16,negative,positive,0.5
2023-06-13,6110.45,6127.65,0.281,-0.16,neutral,positive,1.5
2023-06-14,6163.5,6214.75,0.832,-0.56,positive,negative,1.5
2023-06-15,6230.8,6203.05,-0.445,0.5,positive,positive,2.5
2023-06-16,6244.25,6231.5,-0.204,0.5,negative,negative,-0.5
2023-06-19,6260.85,6203.5,-0.916,0.0,positive,positive,2.5
2023-06-20,6214.1,6246.65,0.524,0.72,positive,negative,1.5
2023-06-21,6264.4,6187.75,-1.224,-0.16,positive,very negative,1.5
2023-06-22,6193.9,6190.95,-0.048,0.23,negative,positive,0.5
2023-06-23,6164.8,6037.2,-2.07,-0.14,positive,positive,2.5
2023-06-26,6037.8,6083.1,0.75,0.36,positive,positive,2.5
2023-06-27,6117.1,6127.65,0.172,0.5,negative,negative,-0.5
2023-06-28,6167.2,6211.05,0.711,0.5,neutral,positive,1.5
2023-06-30,6236.4,6209.1,-0.438,1.0,positive,positive,2.5
2023-07-03,6254.4,6275.45,0.337,-0.56,positive,positive,2.5
2023-07-04,6301.65,6275.2,-0.42,-0.16,positive,positive,2.5
2023-07-05,6285.1,6292.3,0.115,0.5,positive,negative,1.5
2023-07-06,6297.8,6325.35,0.437,0.28,negative,positive,0.5
2023-07-07,6305.85,6279.25,-0.422,-0.44,positive,positive,2.5
2023-07-10,6300.35,6385.1,1.345,0.28,positive,negative,1.5
2023-07-11,6405.65,6369.1,-0.571,0.487,negative,positive,0.5
2023-07-12,6391.5,6363.25,-0.442,0.3,neutral,negative,0.5
2023-07-13,6419.9,6379.7,-0.626,1.0,positive,negative,1.5
2023-07-14,6431.4,6469.45,0.592,0.5,positive,positive,2.5
2023-07-17,6500.4,6500.55,0.002,0.34,negative,positive,-1.5
2023-07-18,6511.4,6446.75,-0.993,-0.16,positive,positive,0.5
2023-07-19,6470.65,6474.55,0.06,0.0,positive,positive,2.5
2023-07-20,6493.3,6485.25,-0.124,-0.5,positive,negative,1.5
2023-07-21,6471.9,6442.3,-0.457,0.133,negative,very negative,-0.5
2023-07-24,6442.1,6395.55,-0.723,1.0,positive,positive,2.5
2023-07-25,6426.2,6583.65,2.45,0.34,positive,positive,2.5
2023-07-26,6610.4,6604.95,-0.082,-0.16,positive,positive,2.5
2023-07-27,6626.8,6581.55,-0.683,0.72,negative,positive,0.5
2023-07-28,6593.05,6640.8,0.724,-0.28,neutral,positive,1.5
2023-07-31,6643.65,6758.2,1.724,-0.3,negative,negative,-0.5
2023-08-01,6793.85,6770.15,-0.349,0.0,positive,positive,2.5
2023-08-02,6757.6,6633.45,-1.837,0.5,positive,positive,2.5
2023-08-03,6600.8,6602.2,0.021,0.56,positive,positive,2.5
2023-08-04,6658.8,6622.9,-0.539,0.22,positive,negative,1.5
2023-08-07,6655.7,6622.15,-0.504,-0.45,positive,negative,1.5
2023-08-08,6635.05,6544.8,-1.36,0.193,positive,negative,1.5
2023-08-09,6562.8,6677.85,1.753,0.5,negative,positive,0.5
2023-08-10,6679.95,6723.3,0.649,0.5,neutral,negative,0.5
2023-08-11,6722.4,6688.85,-0.499,-0.58,positive,very negative,1.5
2023-08-14,6643.5,6545.95,-1.468,0.72,positive,negative,1.5
2023-08-16,6534.65,6484.1,-0.774,0.0,negative,positive,-1.5
2023-08-17,6487.15,6480.5,-0.103,0.06,positive,negative,1.5
2023-08-18,6485.45,6493.7,0.127,0.17,positive,positive,2.5
2023-08-21,6534.35,6578.4,0.674,0.06,positive,positive,2.5
2023-08-22,6606.35,6634.4,0.425,-0.16,positive,positive,2.5
2023-08-23,6676.1,6625.55,-0.757,-0.16,positive,positive,2.5
2023-08-24,6677.8,6602.85,-1.122,-0.12,positive,positive,2.5
2023-08-25,6589.6,6519.35,-1.066,-0.06,negative,very negative,-0.5
2023-08-28,6563.7,6533.3,-0.463,0.34,positive,positive,2.5
2023-08-29,6559.65,6616.7,0.87,0.5,positive,positive,2.5
2023-08-30,6653.75,6677.8,0.361,0.0,negative,negative,-0.5
2023-08-31,6678.45,6659.35,-0.286,0.5,positive,positive,2.5
2023-09-01,6665.0,6851.0,2.791,0.0,positive,negative,1.5
2023-09-04,6911.45,7007.05,1.383,-0.34,positive,negative,1.5
2023-09-05,7021.7,7039.15,0.249,-0.073,positive,very negative,1.5
2023-09-06,7053.35,6983.7,-0.987,-0.14,positive,positive,2.5
2023-09-07,6972.3,6981.15,0.127,0.0,positive,positive,2.5
2023-09-08,6996.25,6977.9,-0.262,-0.16,negative,negative,-0.5
2023-09-11,7020.35,7104.4,1.197,0.0,positive,negative,1.5
2023-09-12,7167.1,6914.55,-3.524,0.36,positive,positive,2.5
2023-09-13,6934.0,6943.65,0.139,0.34,negative,positive,0.5
2023-09-14,6996.05,7046.9,0.727,-0.45,negative,positive,-1.5
2023-09-15,7095.0,7035.8,-0.834,0.5,positive,positive,0.5
2023-09-18,7073.1,6957.8,-1.63,0.78,positive,positive,2.5
2023-09-20,6945.0,6844.05,-1.454,0.5,positive,negative,1.5
2023-09-21,6847.15,6806.6,-0.592,-0.06,positive,positive,2.5
2023-09-22,6809.05,6761.8,-0.694,-0.78,positive,positive,2.5
2023-09-25,6783.2,6754.25,-0.427,0.0,positive,negative,1.5
2023-09-26,6776.95,6775.3,-0.024,0.5,positive,positive,2.5
2023-09-27,6759.15,6777.3,0.269,-0.5,positive,negative,1.5
2023-09-28,6791.35,6712.0,-1.168,0.72,negative,negative,-0.5
2023-09-29,6767.85,6839.3,1.056,-0.16,positive,positive,2.5
2023-10-03,6833.5,6798.0,-0.519,-0.16,positive,negative,1.5
2023-10-04,6771.45,6725.95,-0.672,0.0,positive,very negative,1.5
2023-10-05,6756.6,6709.1,-0.703,-1.0,positive,positive,2.5
2023-10-06,6752.55,6744.4,-0.121,-0.16,positive,negative,1.5
2023-10-09,6673.45,6647.15,-0.394,-0.16,neutral,positive,1.5
2023-10-10,6674.9,6783.15,1.622,0.45,positive,positive,2.5
2023-10-11,6837.5,6812.15,-0.371,0.28,positive,positive,2.5
2023-10-12,6828.75,6863.05,0.502,-0.72,positive,positive,2.5
2023-10-13,6811.65,6820.8,0.134,-0.06,negative,positive,-1.5
2023-10-16,6827.0,6882.8,0.817,0.17,positive,negative,1.5
2023-10-17,6927.6,6902.0,-0.37,0.5,positive,positive,2.5
2023-10-18,6925.0,6863.4,-0.89,0.5,negative,positive,0.5
2023-10-19,6808.85,6803.3,-0.082,-0.06,positive,positive,2.5
2023-10-20,6782.5,6712.75,-1.028,-0.16,positive,negative,1.5
2023-10-23,6725.0,6494.0,-3.435,1.0,negative,negative,-0.5
2023-10-25,6552.25,6503.65,-0.742,-0.853,positive,positive,2.5
2023-10-26,6466.3,6398.05,-1.055,0.72,positive,very negative,1.5
2023-10-27,6436.45,6453.1,0.259,0.5,negative,positive,0.5
2023-10-30,6478.4,6467.95,-0.161,0.22,positive,very negative,1.5
2023-10-31,6521.55,6452.45,-1.06,0.5,positive,positive,2.5
2023-11-01,6447.2,6359.9,-1.354,-0.78,negative,negative,-0.5
2023-11-02,6371.35,6448.95,1.218,-0.72,positive,positive,2.5
2023-11-03,6487.35,6479.15,-0.126,0.12,positive,positive,2.5
2023-11-06,6527.05,6567.1,0.614,0.28,negative,positive,0.5
2023-11-07,6575.7,6576.85,0.017,0.0,neutral,positive,1.5
2023-11-08,6609.95,6626.3,0.247,-0.16,positive,positive,2.5
2023-11-09,6636.65,6599.65,-0.558,0.06,positive,very negative,1.5
2023-11-10,6594.75,6646.05,0.778,0.5,positive,negative,1.5
2023-11-13,6692.8,6714.1,0.318,-0.05,negative,positive,-1.5
2023-11-15,6782.45,6792.4,0.147,-0.16,positive,negative,1.5
2023-11-16,6792.35,6792.4,0.001,0.5,positive,positive,2.5
2023-11-17,6792.65,6803.9,0.166,-0.16,negative,negative,-0.5
2023-11-20,6820.15,6771.55,-0.713,0.06,positive,negative,1.5
2023-11-21,6817.45,6854.2,0.539,-0.16,negative,very negative,-0.5
2023-11-22,6865.25,6792.65,-1.058,0.0,neutral,positive,1.5
2023-11-23,6808.75,6828.35,0.288,-0.05,positive,positive,2.5
2023-11-24,6849.7,6874.25,0.358,-0.5,positive,very negative,1.5
2023-11-28,6949.05,7001.65,0.757,0.5,positive,positive,2.5
2023-11-29,7046.85,7016.4,-0.432,0.0,positive,positive,2.5
2023-11-30,7028.25,7017.45,-0.154,-0.16,positive,positive,2.5
2023-12-01,7065.55,7087.0,0.304,0.22,negative,positive,0.5
2023-12-04,7270.45,7202.6,-0.933,0.06,positive,very negative,1.5
2023-12-05,7203.3,7423.4,3.056,-0.16,positive,negative,1.5
2023-12-06,7507.65,7425.35,-1.096,0.5,negative,positive,0.5
2023-12-07,7437.3,7369.85,-0.907,0.5,neutral,positive,1.5
2023-12-08,7399.4,7362.9,-0.493,0.5,positive,positive,2.5
2023-12-11,7388.85,7439.7,0.688,0.5,negative,positive,0.5
2023-12-12,7457.75,7462.6,0.065,0.5,negative,negative,-2.5
2023-12-13,7479.25,7528.2,0.654,0.28,positive,negative,-0.5
2023-12-14,7604.25,7574.25,-0.395,-1.0,positive,negative,1.5
2023-12-15,7654.6,7735.35,1.055,0.5,positive,positive,2.5
2023-12-18,7712.1,7768.55,0.732,0.5,positive,positive,2.5
2023-12-19,7788.85,7716.65,-0.927,0.06,positive,negative,1.5
2023-12-20,7752.45,7421.55,-4.268,-0.16,positive,very negative,1.5
2023-12-21,7353.0,7524.0,2.326,-0.39,negative,positive,0.5
2023-12-22,7580.95,7652.65,0.946,-0.707,positive,negative,1.5
2023-12-26,7698.05,7739.8,0.542,-0.16,positive,positive,2.5
2023-12-27,7780.35,7847.75,0.866,-0.44,positive,positive,2.5
2023-12-28,7890.0,7926.35,0.461,0.44,positive,positive,2.5
2023-12-29,7940.5,7978.0,0.472,0.0,positive,very negative,1.5
2024-01-02,8017.95,8023.9,0.074,-0.16,positive,positive,2.5
2024-01-03,8042.55,7878.4,-2.041,0.28,positive,positive,2.5
2024-01-04,7926.15,7883.05,-0.544,0.5,positive,negative,1.5
2024-01-05,7905.9,7871.8,-0.431,0.78,negative,positive,0.5
2024-01-08,7915.2,7747.0,-2.125,-0.28,positive,negative,1.5
2024-01-09,7819.7,7808.3,-0.146,-0.67,positive,positive,2.5
2024-01-10,7811.3,7882.65,0.913,0.06,negative,negative,-0.5
2024-01-11,7926.35,7876.15,-0.633,0.34,negative,very negative,-2.5
2024-01-12,7912.65,7898.35,-0.181,-0.5,positive,positive,2.5
2024-01-15,7941.4,7864.1,-0.973,0.5,positive,positive,2.5
2024-01-16,7889.05,7941.85,0.669,-0.16,positive,negative,1.5
2024-01-17,7852.9,7693.55,-2.029,-0.39,positive,positive,2.5
2024-01-18,7697.55,7629.1,-0.889,0.45,positive,positive,2.5
2024-01-19,7683.55,7732.35,0.635,0.14,negative,positive,0.5
2024-01-23,7780.55,7486.85,-3.775,0.0,positive,very negative,1.5
2024-01-24,7523.05,7708.65,2.467,0.44,negative,negative,-0.5
2024-01-25,7744.35,7719.65,-0.319,0.44,positive,positive,2.5
2024-01-29,7766.65,7843.75,0.993,-0.72,negative,positive,0.5
2024-01-30,7880.95,7864.0,-0.215,-0.16,positive,negative,1.5
2024-01-31,7872.6,7973.1,1.277,-1.0,positive,positive,2.5
2024-02-01,8000.15,7891.05,-1.364,0.5,positive,negative,1.5
2024-02-02,7953.2,8078.25,1.572,-0.16,positive,negative,1.5
2024-02-05,8120.55,8109.55,-0.135,-0.06,neutral,negative,0.5
2024-02-06,8137.2,8238.25,1.242,-0.16,positive,positive,2.5
2024-02-07,8324.1,8276.65,-0.57,0.0,positive,positive,2.5
2024-02-08,8314.3,8221.85,-1.112,-0.44,positive,negative,1.5
2024-02-09,8235.45,8095.6,-1.698,0.5,negative,very negative,-2.5
2024-02-12,8135.75,7901.65,-2.877,-0.16,positive,positive,2.5
2024-02-13,7806.5,7737.85,-0.879,-0.16,negative,positive,0.5
2024-02-14,7694.6,7874.8,2.342,0.5,positive,positive,2.5
2024-02-15,7943.95,7910.6,-0.42,0.5,positive,positive,2.5
2024-02-16,7968.55,7976.45,0.099,0.44,positive,positive,2.5
2024-02-20,8004.55,7955.8,-0.609,-0.89,positive,positive,2.5
2024-02-21,8037.7,7976.45,-0.762,0.44,positive,positive,2.5
2024-02-22,8026.6,8069.4,0.533,-0.16,positive,positive,2.5
2024-02-23,8103.9,8047.75,-0.693,0.28,negative,positive,0.5
2024-02-26,8058.5,7971.75,-1.077,0.22,positive,negative,1.5
2024-02-27,7987.5,8000.55,0.163,-1.0,positive,negative,1.5
2024-02-28,8030.9,7850.35,-2.248,0.0,negative,negative,-0.5
2024-02-29,7859.75,7921.9,0.791,-0.34,positive,positive,2.5
2024-03-01,7992.8,8208.5,2.699,-0.133,positive,negative,1.5
2024-03-04,8337.0,8318.95,-0.217,0.16,negative,positive,0.5
2024-03-05,8324.8,8300.55,-0.291,0.5,neutral,negative,0.5
2024-03-06,8304.9,8257.65,-0.569,-0.16,positive,very negative,1.5
2024-03-07,8290.55,8371.3,0.974,-0.16,positive,negative,1.5
2024-03-11,8407.8,8250.75,-1.868,0.06,positive,positive,2.5
2024-03-12,8256.2,8108.4,-1.79,0.06,positive,positive,2.5
2024-03-13,8110.85,7647.4,-5.714,0.5,negative,positive,0.5
2024-03-14,7663.5,7799.95,1.781,0.72,positive,very negative,1.5
2024-03-15,7802.05,7802.65,0.008,-0.06,positive,negative,1.5
2024-03-18,7781.6,7996.9,2.767,0.17,negative,positive,0.5
2024-03-19,7992.6,7923.6,-0.863,-0.12,neutral,positive,1.5
2024-03-20,7957.15,7860.9,-1.21,-0.5,positive,negative,1.5
2024-03-21,7974.45,8052.75,0.982,0.0,positive,positive,2.5
2024-03-22,8029.85,8130.8,1.257,-0.16,positive,negative,1.5
2024-03-26,8109.1,8161.2,0.642,-0.5,positive,negative,1.5
2024-03-27,8191.3,8154.95,-0.444,-1.0,positive,very negative,1.5
2024-03-28,8191.25,8257.2,0.805,0.28,positive,positive,2.5
2024-04-01,8343.5,8562.7,2.627,0.12,positive,positive,2.5
2024-04-02,8573.0,8690.85,1.375,-0.72,positive,negative,1.5
2024-04-03,8678.3,8691.2,0.149,0.5,negative,positive,0.5
2024-04-04,8797.3,8684.45,-1.283,0.0,neutral,positive,1.5
2024-04-05,8676.95,8699.05,0.255,-0.34,positive,positive,2.5
2024-04-08,8789.3,8794.65,0.061,-0.34,negative,positive,-1.5
2024-04-09,8832.9,8894.4,0.696,0.5,positive,very negative,-0.5
2024-04-10,8970.15,8999.6,0.328,0.06,positive,negative,1.5
2024-04-12,9017.85,8951.3,-0.738,-1.0,negative,positive,0.5
2024-04-15,8902.3,8899.7,-0.029,0.34,positive,positive,2.5
2024-04-16,8864.6,8851.95,-0.143,-1.0,positive,negative,1.5
2024-04-18,8916.6,8824.25,-1.036,-0.5,neutral,negative,0.5
2024-04-19,8783.8,8909.0,1.425,0.06,positive,positive,2.5
2024-04-22,8995.7,8931.2,-0.717,-0.5,negative,positive,0.5
2024-04-23,8972.7,8900.45,-0.805,-0.12,positive,positive,2.5
2024-04-24,8932.1,9140.1,2.329,0.22,positive,negative,1.5
2024-04-25,9135.85,9242.0,1.162,-0.16,positive,very negative,1.5
2024-04-26,9283.65,9222.65,-0.657,0.0,positive,positive,2.5
2024-04-29,9320.3,9268.8,-0.553,-0.16,positive,positive,2.5
2024-04-30,9326.6,9175.8,-1.617,-0.44,positive,positive,2.5
2024-05-02,9186.55,9279.55,1.012,-0.16,negative,positive,0.5
2024-05-03,9352.9,9276.3,-0.819,0.0,neutral,positive,1.5
2024-05-06,9326.25,9189.75,-1.464,0.5,positive,positive,2.5
2024-05-07,9223.25,8969.9,-2.747,0.5,negative,positive,-1.5
2024-05-08,8940.35,9102.35,1.812,-0.5,positive,positive,0.5
2024-05-09,9117.35,8841.25,-3.028,0.16,positive,positive,2.5
2024-05-10,8886.25,8977.45,1.026,0.0,positive,negative,1.5
2024-05-13,8970.6,9094.8,1.385,-0.16,positive,negative,1.5
2024-05-14,9148.75,9347.15,2.169,0.56,positive,positive,2.5
2024-05-15,9389.4,9376.9,-0.133,0.23,positive,negative,1.5
2024-05-16,9423.45,9405.4,-0.192,0.06,negative,very negative,-0.5
2024-05-17,9422.2,9557.95,1.441,0.44,neutral,very negative,0.5
2024-05-21,9671.45,9981.15,3.202,0.22,positive,very negative,1.5
2024-05-22,10051.7,9919.45,-1.316,0.22,negative,positive,0.5
2024-05-23,9872.8,9959.45,0.878,-0.16,positive,negative,1.5
2024-05-24,9966.1,9928.4,-0.378,0.56,positive,positive,2.5
2024-05-27,9997.75,9866.4,-1.314,-0.12,negative,positive,0.5
2024-05-28,9910.65,9815.05,-0.965,0.16,positive,positive,2.5
2024-05-29,9830.8,9841.2,0.106,0.353,positive,positive,2.5
2024-05-30,9800.45,9545.25,-2.604,-0.16,positive,very negative,1.5
2024-05-31,9631.5,9723.6,0.956,0.5,positive,negative,1.5
2024-06-03,10195.6,10048.55,-1.442,0.5,positive,positive,2.5
2024-06-04,9986.4,8980.15,-10.076,-0.3,positive,negative,1.5
2024-06-05,9077.6,9496.6,4.616,-0.64,negative,positive,-1.5
2024-06-06,9592.95,9632.5,0.412,-0.375,negative,negative,-2.5
2024-06-07,9641.35,9833.6,1.994,0.22,positive,negative,1.5
2024-06-10,9853.45,9795.85,-0.585,0.12,negative,negative,-0.5
2024-06-11,9813.3,9789.55,-0.242,0.06,positive,very negative,1.5
2024-06-12,9828.2,9838.35,0.103,0.28,positive,positive,2.5
2024-06-13,9907.0,9840.25,-0.674,0.5,positive,positive,2.5
2024-06-14,9872.2,9912.1,0.404,0.5,positive,negative,1.5
2024-06-18,9957.3,9890.2,-0.674,-0.78,positive,positive,2.5
2024-06-19,9933.1,9773.3,-1.609,0.0,positive,positive,2.5
2024-06-20,9803.25,9951.05,1.508,0.56,negative,positive,0.5
2024-06-21,9988.75,9990.9,0.022,-0.16,positive,positive,2.5
2024-06-24,9912.85,9926.85,0.141,0.22,positive,positive,2.5
2024-06-25,9961.9,9857.45,-1.048,0.25,negative,negative,-0.5
2024-06-26,9821.25,9714.3,-1.089,-0.06,positive,positive,2.5
2024-06-27,9720.8,9767.4,0.479,-0.28,positive,positive,2.5
2024-06-28,9793.5,9814.3,0.212,0.17,positive,positive,2.5
2024-07-01,9849.65,9882.8,0.337,0.78,neutral,positive,1.5
2024-07-02,9901.95,9835.7,-0.669,-0.16,positive,negative,1.5
2024-07-03,9868.9,9940.1,0.721,-0.75,positive,negative,1.5
2024-07-04,9989.5,9936.8,-0.528,-0.34,negative,positive,0.5
2024-07-05,9943.25,9970.5,0.274,0.34,negative,negative,-2.5
2024-07-08,9992.85,9877.35,-1.156,-0.78,positive,positive,2.5
2024-07-09,9923.55,9881.9,-0.42,-0.22,negative,negative,-0.5
2024-07-10,9899.8,9722.8,-1.788,0.12,positive,very negative,1.5
2024-07-11,9792.4,9723.25,-0.706,0.5,positive,positive,2.5
2024-07-12,9763.95,9708.2,-0.571,-0.44,positive,negative,1.5
2024-07-15,9721.55,9729.6,0.083,0.22,negative,positive,0.5
2024-07-16,9775.0,9722.0,-0.542,0.34,neutral,positive,1.5
2024-07-18,9719.95,9636.95,-0.854,0.0,positive,positive,2.5
2024-07-19,9611.35,9256.3,-3.694,0.22,positive,positive,2.5
2024-07-22,9211.25,9350.6,1.513,-0.5,positive,positive,2.5
2024-07-23,9383.6,9263.1,-1.284,0.72,positive,positive,2.5
2024-07-24,9272.4,9267.15,-0.057,-0.12,negative,positive,0.5
2024-07-25,9152.95,9148.0,-0.054,0.5,positive,negative,1.5
2024-07-26,9240.05,9423.4,1.984,0.67,positive,positive,2.5
2024-07-29,9510.75,9450.3,-0.636,0.0,negative,negative,-0.5
2024-07-30,9441.55,9468.35,0.284,-0.34,neutral,positive,1.5
2024-07-31,9550.75,9583.4,0.342,0.167,positive,negative,1.5
2024-08-01,9690.85,9573.2,-1.214,-0.44,positive,very negative,1.5
2024-08-02,9440.35,9314.55,-1.333,0.16,positive,positive,2.5
2024-08-05,9077.2,8862.5,-2.365,-0.06,positive,very negative,1.5
2024-08-06,8955.55,8888.95,-0.744,0.31,positive,positive,2.5
2024-08-07,9064.25,9128.45,0.708,0.06,positive,negative,1.5
2024-08-08,9115.0,8969.25,-1.599,-0.34,negative,positive,0.5
2024-08-09,9086.75,9038.3,-0.533,-0.167,positive,positive,2.5
2024-08-12,8970.2,9106.25,1.517,-0.78,positive,positive,2.5
2024-08-13,9164.1,8957.15,-2.258,-0.58,positive,positive,2.5
2024-08-14,8989.25,8844.3,-1.612,-0.44,negative,positive,0.5
2024-08-16,8938.7,8994.1,0.62,-0.44,positive,negative,1.5
2024-08-19,9033.45,9161.95,1.422,-0.75,positive,positive,2.5
2024-08-20,9224.9,9204.65,-0.22,-0.16,positive,negative,1.5
2024-08-21,9185.2,9264.05,0.858,-0.44,positive,positive,2.5
2024-08-22,9309.7,9326.25,0.178,0.34,positive,negative,1.5
2024-08-23,9344.45,9290.5,-0.577,-1.0,negative,negative,-0.5
2024-08-26,9349.8,9490.75,1.508,0.16,positive,very negative,1.5
2024-08-27,9499.9,9432.75,-0.707,0.0,negative,positive,0.5
2024-08-28,9460.65,9414.8,-0.485,1.0,neutral,positive,1.5
2024-08-29,9392.35,9369.95,-0.238,0.0,positive,negative,1.5
2024-08-30,9390.65,9405.25,0.155,-1.0,positive,very negative,1.5
2024-09-02,9437.6,9307.15,-1.382,-0.16,negative,positive,-1.5
2024-09-03,9331.4,9254.75,-0.821,-0.5,positive,positive,0.5
2024-09-04,9136.0,9185.5,0.542,0.06,positive,positive,2.5
2024-09-05,9213.8,9212.95,-0.009,-0.5,positive,positive,2.5
2024-09-06,9224.85,9161.15,-0.691,0.5,positive,positive,2.5
2024-09-09,9136.1,9099.0,-0.406,-0.12,positive,very negative,1.5
2024-09-10,9140.65,9156.2,0.17,-0.44,positive,negative,1.5
2024-09-11,9160.05,9028.2,-1.439,0.72,positive,positive,2.5
2024-09-12,9144.35,9290.85,1.602,0.28,negative,positive,0.5
2024-09-13,9342.9,9370.65,0.297,0.0,neutral,positive,1.5
2024-09-16,9432.8,9427.7,-0.054,0.67,positive,positive,2.5
2024-09-17,9445.35,9388.15,-0.606,-0.16,negative,negative,-0.5
2024-09-18,9381.75,9310.55,-0.759,0.5,positive,negative,1.5
2024-09-19,9370.9,9251.2,-1.277,0.78,positive,positive,2.5
2024-09-20,9337.85,9404.3,0.712,0.5,positive,negative,1.5
2024-09-23,9461.65,9454.85,-0.072,0.0,positive,negative,1.5
2024-09-24,9531.35,9735.4,2.141,-0.12,positive,very negative,1.5
2024-09-25,9816.75,9777.15,-0.403,0.0,positive,positive,2.5
2024-09-26,9793.4,9985.7,1.964,-1.0,negative,negative,-0.5
2024-09-27,10058.85,10064.6,0.057,0.56,neutral,positive,1.5
2024-09-30,10124.1,10198.35,0.733,0.22,positive,positive,2.5
2024-10-01,10214.25,10222.95,0.085,0.0,negative,positive,-1.5
2024-10-03,10129.8,10155.0,0.249,0.5,positive,positive,0.5
2024-10-04,10150.85,10113.2,-0.371,-0.78,positive,very negative,1.5
2024-10-07,10157.75,9886.3,-2.672,-0.72,negative,positive,0.5
2024-10-08,9817.55,9794.45,-0.235,0.78,positive,positive,2.5
2024-10-09,9779.1,9800.75,0.221,0.5,positive,positive,2.5
2024-10-10,9799.65,9839.95,0.411,0.5,positive,negative,1.5
2024-10-11,9858.15,9932.7,0.756,-0.3,positive,positive,2.5
2024-10-14,9968.05,9905.0,-0.633,-0.16,positive,negative,1.5
2024-10-15,9938.6,9762.05,-1.776,-0.5,positive,positive,2.5
2024-10-16,9743.5,9741.7,-0.018,-0.5,negative,negative,-0.5
2024-10-17,9786.9,9603.3,-1.876,0.0,positive,positive,2.5
2024-10-18,9579.15,9753.9,1.824,0.5,positive,positive,2.5
2024-10-21,9802.8,9606.8,-1.999,0.0,positive,positive,2.5
2024-10-22,9597.1,9318.8,-2.9,-0.22,positive,positive,2.5
2024-10-23,9315.65,9295.25,-0.219,0.0,positive,positive,2.5
2024-10-24,9304.05,9273.45,-0.329,-0.22,positive,positive,2.5
2024-10-25,9295.25,9048.95,-2.65,0.39,negative,positive,0.5
2024-10-28,9056.6,9278.4,2.449,0.5,positive,positive,2.5
2024-10-29,9297.7,9338.75,0.442,0.0,positive,very negative,1.5
2024-10-30,9305.35,9342.45,0.399,0.5,positive,negative,1.5
2024-10-31,9338.95,9326.85,-0.13,-0.44,negative,negative,-2.5
2024-11-01,9376.8,9390.3,0.144,-0.47,negative,positive,-1.5
2024-11-04,9393.5,9242.9,-1.603,0.06,positive,positive,2.5
2024-11-05,9245.5,9505.4,2.811,0.22,negative,negative,-0.5
2024-11-06,9557.7,9656.45,1.033,-0.16,positive,positive,2.5
2024-11-07,9646.25,9392.85,-2.627,0.34,positive,negative,1.5
2024-11-08,9432.4,9308.9,-1.309,-0.34,positive,negative,1.5
2024-11-11,9281.6,9216.25,-0.704,-1.0,neutral,very negative,0.5
2024-11-12,9266.15,9078.5,-2.025,0.34,positive,positive,2.5
2024-11-13,9039.25,8836.75,-2.24,1.0,positive,positive,2.5
2024-11-14,8866.8,8828.7,-0.43,0.0,positive,negative,1.5
2024-11-18,8918.3,8996.65,0.879,0.5,positive,positive,2.5
2024-11-19,9017.35,8920.35,-1.076,-0.56,negative,positive,0.5
2024-11-21,8816.05,8717.4,-1.119,-0.707,positive,positive,2.5
2024-11-22,8712.1,8846.2,1.539,-0.5,positive,positive,2.5
2024-11-25,8973.6,8883.0,-1.01,-0.36,neutral,negative,0.5
2024-11-26,8907.3,8916.7,0.106,0.5,positive,positive,2.5
2024-11-27,8930.2,8987.35,0.64,-0.3,positive,positive,2.5
2024-11-28,9020.45,8964.85,-0.616,-0.3,positive,positive,2.5
2024-11-29,8994.55,9034.0,0.439,-0.58,negative,positive,0.5
2024-12-02,9032.5,9133.6,1.119,0.5,positive,negative,1.5
2024-12-03,9175.05,9246.25,0.776,-0.06,positive,negative,1.5
2024-12-04,9264.7,9230.1,-0.373,0.22,positive,negative,1.5
2024-12-05,9251.4,9282.75,0.339,0.39,negative,positive,0.5
2024-12-06,9300.3,9397.15,1.041,-1.0,positive,negative,1.5
2024-12-09,9397.6,9455.25,0.613,0.78,negative,negative,-0.5
2024-12-10,9496.95,9475.35,-0.227,-0.207,neutral,very negative,0.5
2024-12-11,9483.4,9483.65,0.003,-0.36,positive,positive,2.5
2024-12-12,9522.55,9507.75,-0.155,-0.78,positive,negative,1.5
2024-12-13,9460.7,9439.3,-0.226,-0.12,positive,positive,2.5
2024-12-16,9446.45,9347.75,-1.045,0.14,positive,positive,2.5
2024-12-17,9332.8,9194.95,-1.477,0.5,positive,positive,2.5
2024-12-18,9207.5,9069.9,-1.494,-0.293,positive,positive,2.5
2024-12-19,8901.35,8977.2,0.852,0.0,negative,very negative,-0.5
2024-12-20,8981.8,8813.25,-1.877,-0.72,positive,negative,1.5
2024-12-23,8902.05,8891.4,-0.12,-0.06,positive,positive,2.5
2024-12-24,8875.3,8817.6,-0.65,-1.0,negative,positive,0.5
2024-12-26,8835.9,8805.25,-0.347,-0.44,positive,positive,2.5
2024-12-27,8820.5,8720.7,-1.131,-0.16,positive,negative,1.5
2024-12-30,8720.85,8609.85,-1.273,0.5,negative,positive,-1.5
2024-12-31,8590.7,8649.9,0.689,0.78,positive,negative,-0.5
2025-01-02,8655.75,8723.35,0.781,-1.0,positive,positive,2.5
2025-01-03,8723.7,8729.95,0.072,0.06,negative,positive,0.5
2025-01-06,8740.65,8455.5,-3.262,0.17,positive,negative,1.5
2025-01-07,8464.05,8560.55,1.14,-0.16,positive,positive,2.5
2025-01-08,8558.35,8503.2,-0.644,0.34,negative,positive,0.5
2025-01-09,8474.1,8398.85,-0.888,0.28,neutral,positive,1.5
2025-01-10,8391.15,8262.95,-1.528,0.12,positive,positive,2.5
2025-01-13,8194.65,7951.35,-2.969,0.34,positive,very negative,1.5
2025-01-14,7978.15,8267.5,3.627,-0.16,positive,negative,1.5
2025-01-15,8323.0,8280.95,-0.505,0.06,positive,positive,2.5
2025-01-16,8389.65,8422.0,0.386,-0.22,positive,positive,2.5
2025-01-17,8435.9,8521.7,1.017,-0.06,negative,positive,0.5
2025-01-20,8558.3,8613.35,0.643,0.0,positive,positive,2.5
2025-01-21,8661.6,8532.1,-1.495,-0.12,positive,negative,1.5
2025-01-22,8560.7,8470.25,-1.057,-0.78,positive,negative,1.5
2025-01-23,8448.9,8515.55,0.789,-0.013,negative,negative,-0.5
2025-01-24,8523.15,8438.8,-0.99,-0.44,neutral,positive,1.5
2025-01-27,8333.45,8189.8,-1.724,0.16,positive,positive,2.5
2025-01-28,8218.05,8157.45,-0.737,0.5,negative,positive,-1.5
2025-01-29,8183.05,8308.65,1.535,-0.56,negative,negative,-2.5
2025-01-30,8320.35,8299.75,-0.248,0.08,positive,very negative,1.5
2025-01-31,8278.8,8399.7,1.46,0.5,positive,positive,2.5
2025-02-03,8187.95,8155.15,-0.401,0.5,positive,positive,2.5
2025-02-04,8229.15,8301.45,0.879,0.5,positive,positive,2.5
2025-02-05,8313.75,8427.1,1.363,-0.34,positive,positive,2.5
2025-02-06,8449.55,8363.65,-1.017,0.12,negative,positive,0.5
2025-02-07,8377.95,8585.8,2.481,-0.25,neutral,positive,1.5
2025-02-10,8560.9,8359.25,-2.355,0.45,positive,positive,2.5
2025-02-11,8302.15,8213.55,-1.067,0.06,negative,positive,0.5
2025-02-12,8205.7,8268.4,0.764,0.72,positive,positive,2.5
2025-02-13,8263.7,8336.35,0.879,0.5,positive,negative,1.5
2025-02-14,8380.45,8187.5,-2.302,0.72,positive,positive,2.5
2025-02-17,8155.4,8250.2,1.162,-0.44,positive,negative,1.5
2025-02-18,8263.1,8255.6,-0.091,-0.12,positive,negative,1.5
2025-02-19,8201.35,8359.2,1.925,-0.12,positive,positive,2.5
2025-02-20,8341.15,8523.0,2.18,-0.16,positive,negative,1.5
2025-02-21,8528.9,8609.7,0.947,-0.56,positive,very negative,1.5
2025-02-24,8506.15,8422.8,-0.98,0.5,positive,negative,1.5
2025-02-25,8413.65,8293.45,-1.429,0.28,positive,positive,2.5
2025-02-27,8308.95,8334.8,0.311,-0.86,negative,positive,-1.5
2025-02-28,8272.25,8219.25,-0.641,0.5,positive,positive,0.5
2025-03-03,8244.7,8316.3,0.868,0.5,negative,positive,0.5
2025-03-04,8197.2,8347.75,1.837,-0.16,positive,positive,2.5
2025-03-05,8322.2,8685.2,4.362,-0.16,positive,very negative,1.5
2025-03-06,8762.5,8888.65,1.44,-0.5,positive,negative,1.5
2025-03-07,8870.3,8926.9,0.638,0.22,positive,positive,2.5
2025-03-10,8924.65,8850.3,-0.833,-0.073,positive,positive,2.5
2025-03-11,8739.9,8897.3,1.801,-0.86,positive,negative,1.5
2025-03-12,8941.35,8854.3,-0.974,0.0,negative,positive,0.5
2025-03-13,8897.75,8777.65,-1.35,0.0,negative,negative,-0.5
2025-03-17,8810.2,8845.25,0.398,-0.12,positive,negative,1.5
2025-03-18,8923.0,9033.45,1.238,-0.593,negative,very negative,-0.5
2025-03-19,9142.3,9148.55,0.068,-0.16,positive,positive,2.5
2025-03-20,9219.5,9254.1,0.375,-0.147,positive,positive,2.5
2025-03-21,9282.85,9203.55,-0.854,0.0,positive,negative,1.5
2025-03-24,9261.25,9262.85,0.017,0.28,neutral,negative,0.5
2025-03-25,9291.35,9132.9,-1.705,-1.0,positive,positive,2.5
2025-03-26,9150.65,9097.7,-0.579,0.5,positive,positive,2.5
2025-03-27,9066.85,9159.8,1.025,-0.34,positive,positive,2.5
2025-03-28,9172.9,9092.5,-0.876,-0.087,negative,positive,0.5
2025-04-01,9015.85,9016.85,0.011,-0.34,negative,negative,-0.5
2025-04-02,9038.75,9080.05,0.457,0.12,positive,positive,2.5
2025-04-03,9006.2,9005.15,-0.012,1.0,positive,positive,2.5
2025-04-04,8936.95,8414.45,-5.847,0.3,positive,positive,2.5
2025-04-07,7691.0,7846.35,2.02,-0.28,neutral,negative,0.5
2025-04-08,8080.9,7965.6,-1.427,-0.5,positive,negative,1.5
2025-04-09,7924.85,7847.5,-0.976,-0.34,positive,negative,1.5
2025-04-11,8136.8,8168.3,0.387,0.5,negative,negative,-0.5
2025-04-15,8332.4,8429.85,1.17,0.12,positive,negative,1.5
2025-04-16,8427.4,8454.8,0.325,0.06,positive,very negative,1.5
2025-04-17,8403.0,8476.5,0.875,-0.56,negative,positive,0.5
2025-04-21,8502.75,8653.5,1.773,-0.78,positive,positive,2.5
2025-04-22,8759.15,8669.5,-1.024,0.5,negative,positive,0.5
2025-04-23,8738.65,8737.3,-0.015,-0.16,neutral,positive,1.5
2025-04-24,8729.5,8753.3,0.273,-0.2,positive,positive,2.5
2025-04-25,8790.15,8569.75,-2.507,-0.707,positive,positive,2.5
2025-04-28,8554.2,8689.9,1.586,0.5,positive,positive,0.5
2025-04-29,8711.3,8607.15,-1.196,-0.16,positive,positive,2.5
2025-04-30,8600.85,8581.8,-0.221,0.5,positive,positive,2.5
2025-05-02,8590.15,8518.4,-0.835,0.16,positive,negative,1.5
2025-05-05,8523.1,8600.15,0.904,0.0,negative,positive,0.5
2025-05-06,8622.1,8524.7,-1.13,-0.34,neutral,negative,0.5
2025-05-07,8428.55,8608.05,2.13,0.0,neutral,very negative,0.5
2025-05-08,8618.25,8428.4,-2.203,0.22,positive,positive,2.5
2025-05-09,8258.8,8420.55,1.959,0.5,positive,positive,2.5
2025-05-12,8641.9,8914.25,3.152,-0.78,positive,positive,2.5
2025-05-13,8907.9,8834.65,-0.822,0.56,positive,negative,1.5
2025-05-14,8881.0,9052.1,1.927,-1.0,positive,positive,2.5
2025-05-15,9067.1,9210.05,1.577,-0.44,positive,positive,2.5
2025-05-16,9222.0,9201.85,-0.219,0.16,negative,positive,0.5
2025-05-19,9222.1,9210.75,-0.123,1.0,positive,positive,2.5
2025-05-20,9285.65,9156.05,-1.396,-0.16,positive,positive,2.5
2025-05-21,9185.85,9208.15,0.243,0.22,negative,very negative,-0.5
2025-05-22,9208.55,9179.65,-0.314,-0.78,neutral,negative,0.5
2025-05-23,9205.1,9249.6,0.483,-1.0,positive,positive,2.5
2025-05-26,9282.9,9336.45,0.577,0.5,negative,negative,-2.5
2025-05-27,9338.85,9294.95,-0.47,-0.5,positive,positive,0.5
2025-05-28,9309.0,9239.5,-0.747,0.34,positive,negative,1.5
2025-05-29,9313.75,9351.65,0.407,1.0,positive,negative,1.5
2025-05-30,9351.7,9193.25,-1.694,0.0,negative,negative,-0.5
2025-06-02,9130.75,9128.55,-0.024,0.06,positive,positive,2.5
2025-06-03,9148.3,9122.3,-0.284,-0.16,positive,positive,2.5
2025-06-04,9129.45,9177.4,0.525,0.5,negative,negative,-0.5
2025-06-05,9204.75,9231.5,0.291,0.0,neutral,very negative,0.5
2025-06-06,9261.7,9406.45,1.563,-0.5,positive,very negative,1.5
2025-06-09,9450.05,9477.0,0.285,-0.44,positive,positive,2.5
2025-06-10,9522.4,9509.7,-0.133,0.0,negative,positive,0.5
2025-06-11,9544.8,9495.8,-0.513,0.44,positive,positive,2.5
2025-06-12,9503.75,9348.5,-1.634,-0.16,positive,positive,2.5
2025-06-13,9165.05,9258.8,1.023,-0.12,positive,positive,2.5
2025-06-16,9272.5,9358.25,0.925,-1.0,positive,very negative,1.5
2025-06-17,9349.9,9224.4,-1.342,-0.12,positive,negative,1.5
2025-06-18,9215.45,9158.25,-0.621,0.39,positive,positive,2.5
2025-06-19,9156.15,9040.45,-1.264,0.5,positive,positive,2.5
2025-06-20,9035.35,9138.6,1.143,0.28,negative,positive,0.5
2025-06-23,9083.0,9198.55,1.272,0.12,positive,negative,1.5
2025-06-24,9290.7,9291.1,0.004,0.5,negative,negative,-2.5
2025-06-25,9351.7,9329.2,-0.241,0.5,negative,positive,-1.5
2025-06-26,9360.45,9544.55,1.967,0.89,positive,negative,1.5
2025-06-27,9592.8,9578.2,-0.152,0.06,positive,very negative,1.5
2025-06-30,9604.2,9534.8,-0.723,-0.44,positive,negative,1.5
2025-07-01,9551.95,9564.55,0.132,-0.06,positive,very negative,1.5
2025-07-02,9584.35,9699.2,1.198,0.56,positive,positive,2.5
2025-07-03,9720.7,9623.45,-1.0,0.5,positive,negative,1.5
2025-07-04,9644.25,9580.4,-0.662,0.78,negative,positive,0.5
2025-07-07,9577.9,9522.15,-0.582,-1.0,positive,positive,2.5
2025-07-08,9524.25,9517.4,-0.072,-1.0,positive,positive,2.5
2025-07-09,9554.4,9384.5,-1.778,0.0,negative,positive,0.5
2025-07-10,9403.7,9423.55,0.211,0.28,positive,positive,2.5
2025-07-11,9411.15,9382.85,-0.301,0.28,positive,very negative,1.5
2025-07-14,9379.65,9407.95,0.302,0.0,negative,positive,0.5
2025-07-15,9430.9,9411.95,-0.201,-0.12,positive,positive,2.5
2025-07-16,9407.15,9360.7,-0.494,0.5,positive,positive,2.5
2025-07-17,9383.05,9423.35,0.429,-0.5,positive,negative,1.5
2025-07-18,9439.85,9458.2,0.194,0.06,positive,negative,1.5
2025-07-21,9510.9,9555.5,0.469,1.0,positive,positive,2.5
2025-07-22,9576.25,9533.3,-0.449,-0.06,positive,negative,1.5
2025-07-23,9558.2,9579.05,0.218,0.34,negative,very negative,-0.5
2025-07-24,9595.7,9582.3,-0.14,-0.78,negative,positive,-1.5
2025-07-25,9579.95,9425.1,-1.616,0.5,positive,negative,-0.5
2025-07-28,9418.1,9316.45,-1.079,0.06,negative,negative,-0.5
2025-07-29,9279.65,9409.7,1.401,0.22,positive,positive,2.5
2025-07-30,9426.65,9399.75,-0.285,0.5,positive,positive,2.5
2025-07-31,9290.8,9285.45,-0.058,0.28,positive,positive,2.5
2025-08-01,9281.8,9102.35,-1.933,0.45,positive,positive,2.5
2025-08-04,9127.4,9327.85,2.196,-1.0,neutral,positive,1.5
2025-08-05,9347.15,9336.05,-0.119,-0.22,positive,very negative,1.5
2025-08-06,9368.65,9298.75,-0.746,0.0,positive,negative,1.5
2025-08-07,9253.4,9310.65,0.619,0.0,positive,positive,2.5
2025-08-08,9309.65,9147.1,-1.746,0.0,negative,positive,0.5
2025-08-11,9153.35,9194.8,0.453,-0.72,positive,negative,1.5
2025-08-12,9163.15,9229.7,0.726,-0.34,negative,positive,0.5
2025-08-13,9285.7,9345.95,0.649,0.0,positive,negative,1.5
2025-08-14,9351.2,9216.25,-1.443,-0.12,positive,negative,1.5
2025-08-18,9335.0,9387.5,0.562,0.56,neutral,positive,1.5
2025-08-19,9412.6,9457.5,0.477,0.16,positive,positive,2.5
2025-08-20,9433.7,9497.75,0.679,-0.25,positive,negative,1.5
2025-08-21,9506.65,9493.65,-0.137,-0.5,positive,very negative,1.5
2025-08-22,9494.35,9375.45,-1.252,-0.5,negative,positive,-1.5
2025-08-25,9419.9,9436.75,0.179,-0.5,positive,positive,2.5
2025-08-26,9412.85,9280.05,-1.411,-1.0,positive,positive,2.5
2025-08-28,9274.1,9210.5,-0.686,-0.16,positive,positive,2.5
2025-08-29,9226.9,9154.8,-0.781,0.34,positive,positive,2.5
2025-09-01,9169.35,9305.3,1.483,-0.16,negative,negative,-0.5
2025-09-02,9318.9,9384.35,0.702,-0.22,neutral,positive,1.5
2025-09-03,9406.35,9676.4,2.871,0.17,positive,positive,2.5
2025-09-04,9734.45,9616.35,-1.213,-0.72,positive,positive,2.5
2025-09-05,9612.6,9681.65,0.718,0.5,positive,positive,2.5
2025-09-08,9722.6,9717.85,-0.049,0.5,positive,negative,1.5
2025-09-09,9733.3,9734.2,0.009,-1.0,positive,negative,1.5
2025-09-10,9767.6,9759.45,-0.083,-1.0,positive,positive,2.5
2025-09-11,9757.95,9792.95,0.359,-0.78,negative,negative,-0.5
2025-09-12,9828.35,9883.6,0.562,-0.72,positive,very negative,1.5
2025-09-15,9900.6,9891.0,-0.097,0.0,negative,very negative,-0.5
2025-09-16,9917.1,9973.45,0.568,0.12,neutral,positive,1.5
2025-09-17,10005.55,9923.15,-0.824,0.0,positive,negative,1.5
2025-09-18,9932.0,9955.15,0.233,0.0,positive,positive,2.5
2025-09-19,9997.2,9989.9,-0.073,0.0,positive,positive,2.5
2025-09-22,9984.5,10029.1,0.447,-0.5,positive,positive,0.5
2025-09-23,10044.9,10129.05,0.838,0.5,positive,positive,2.5
2025-09-24,10118.15,10060.1,-0.574,-0.06,positive,positive,2.5
2025-09-25,10082.2,10082.55,0.003,0.78,negative,very negative,-0.5
2025-09-26,10087.15,9888.25,-1.972,0.0,negative,negative,-0.5
2025-09-29,9910.7,9923.1,0.125,0.0,positive,positive,2.5
2025-09-30,9978.45,10038.15,0.598,0.0,positive,positive,2.5
2025-10-01,10060.3,10092.95,0.325,-0.5,negative,negative,-0.5
2025-10-03,10108.9,10277.1,1.664,-0.5,positive,negative,1.5
2025-10-06,10303.1,10185.5,-1.141,-0.16,negative,positive,0.5
2025-10-07,10193.85,10156.65,-0.365,0.56,positive,negative,1.5
2025-10-08,10181.05,10136.55,-0.437,-0.5,positive,positive,2.5
2025-10-09,10163.95,10356.2,1.891,-0.16,positive,positive,2.5
2025-10-10,10352.7,10261.55,-0.88,-0.16,negative,negative,-0.5
2025-10-13,10218.0,10217.45,-0.005,0.16,positive,positive,2.5
2025-10-14,10291.85,10116.8,-1.701,-0.167,positive,positive,2.5
2025-10-15,10139.9,10218.0,0.77,-0.3,negative,positive,0.5
2025-10-16,10243.8,10287.25,0.424,0.22,neutral,positive,1.5
2025-10-17,10286.8,10199.3,-0.851,0.78,positive,positive,2.5
2025-10-20,10249.95,10191.85,-0.567,0.5,negative,very negative,-2.5
2025-10-21,10236.85,10232.75,-0.04,-0.5,negative,negative,-2.5
2025-10-23,10287.8,10241.85,-0.447,-0.375,positive,positive,2.5
2025-10-24,10320.75,10347.45,0.259,0.0,positive,positive,2.5
2025-10-27,10416.45,10467.15,0.487,-0.16,positive,positive,2.5
2025-10-28,10465.85,10596.2,1.245,0.34,positive,negative,1.5
2025-10-29,10648.3,10777.5,1.213,-0.34,positive,negative,1.5
2025-10-30,10758.7,10729.2,-0.274,0.5,positive,negative,1.5
2025-10-31,10717.3,10612.15,-0.981,-0.22,negative,positive,0.5
2025-11-03,10644.05,10652.8,0.082,-0.05,positive,positive,2.5
2025-11-04,10651.6,10499.05,-1.432,-1.0,negative,positive,0.5
2025-11-06,10416.65,10281.9,-1.294,0.5,positive,positive,2.5
2025-11-07,10237.1,10426.8,1.853,0.5,positive,negative,1.5
2025-11-10,10474.8,10484.5,0.093,-0.167,positive,positive,2.5
2025-11-11,10538.75,10559.1,0.193,-0.3,positive,positive,2.5
2025-11-12,10593.65,10542.55,-0.482,0.44,positive,positive,2.5
2025-11-13,10679.05,10588.6,-0.847,0.5,negative,positive,0.5
2025-11-14,10578.4,10494.75,-0.791,-0.22,neutral,very negative,0.5
2025-11-17,10526.25,10495.85,-0.289,-0.16,positive,positive,2.5
2025-11-18,10481.5,10383.7,-0.933,-0.64,negative,positive,0.5
2025-11-19,10386.35,10384.15,-0.021,-0.593,negative,positive,-1.5
2025-11-20,10446.7,10386.05,-0.581,-0.313,negative,positive,-1.5
2025-11-21,10336.5,10142.55,-1.876,0.22,positive,negative,1.5
2025-11-24,10163.3,10017.9,-1.431,0.0,negative,negative,-0.5
2025-11-25,10039.65,10073.4,0.336,-0.34,positive,negative,1.5
2025-11-26,10105.65,10280.7,1.732,0.5,positive,positive,2.5
2025-11-27,10334.4,10273.75,-0.587,0.5,positive,negative,1.5
2025-11-28,10300.35,10293.05,-0.071,0.5,positive,very negative,1.5
2025-12-01,10390.9,10353.2,-0.363,0.28,positive,very negative,1.5
2025-12-02,10344.15,10315.85,-0.274,-0.78,positive,positive,2.5
2025-12-03,10340.35,10265.2,-0.727,-0.16,positive,negative,1.5
2025-12-04,10324.25,10271.45,-0.511,0.28,positive,positive,2.5
2025-12-05,10274.5,10340.35,0.641,0.5,positive,positive,2.5
2025-12-08,10352.6,10141.8,-2.036,0.12,negative,positive,0.5
2025-12-09,10126.9,10112.65,-0.141,-1.0,positive,positive,2.5
2025-12-10,10133.25,10159.0,0.254,0.0,positive,very negative,1.5
2025-12-11,10209.4,10266.85,0.563,0.34,positive,negative,1.5
2025-12-12,10335.05,10536.45,1.949,0.5,positive,positive,2.5
2025-12-15,10513.65,10553.15,0.376,0.5,positive,positive,2.5
2025-12-16,10527.1,10464.35,-0.596,-0.5,positive,negative,1.5
2025-12-17,10520.8,10490.15,-0.291,-1.0,positive,positive,2.5
2025-12-18,10490.25,10516.15,0.247,0.34,negative,negative,-0.5
2025-12-19,10557.95,10521.1,-0.349,-0.22,negative,negative,-2.5
2025-12-22,10602.45,10669.0,0.628,0.06,positive,negative,1.5
2025-12-23,10701.4,10727.05,0.24,0.5,positive,very negative,1.5
2025-12-24,10772.55,10742.75,-0.277,-0.06,negative,positive,0.5
2025-12-26,10780.8,10806.15,0.235,-0.5,positive,negative,1.5
2025-12-29,10921.6,10789.1,-1.213,0.0,negative,positive,0.5
2025-12-30,10797.0,11007.65,1.951,-0.427,positive,positive,2.5
2025-12-31,11154.45,11167.65,0.118,-0.44,positive,positive,2.5
2026-01-02,11280.1,11421.85,1.257,0.28,negative,positive,0.5
2026-01-05,11469.85,11490.8,0.183,-1.0,positive,negative,1.5
2026-01-06,11533.0,11524.05,-0.078,0.06,negative,positive,0.5
2026-01-07,11567.15,11524.0,-0.373,-0.34,positive,positive,2.5
2026-01-08,11517.45,11132.0,-3.347,-0.125,positive,positive,2.5
2026-01-09,11110.65,11094.8,-0.143,-0.093,positive,positive,2.5
2026-01-12,11162.15,11315.75,1.376,-0.5,negative,negative,-0.5
2026-01-13,11366.8,11355.2,-0.102,-1.0,neutral,negative,0.5
2026-01-14,11399.4,11661.4,2.298,-0.56,positive,negative,1.5
2026-01-16,11696.25,11600.05,-0.822,0.56,positive,negative,1.5
2026-01-19,11603.5,11593.05,-0.09,0.167,positive,positive,0.5
2026-01-20,11614.45,11374.45,-2.066,0.5,positive,negative,1.5
2026-01-21,11376.65,11438.95,0.548,-0.16,positive,very negative,1.5
2026-01-22,11514.9,11573.7,0.511,0.5,negative,positive,0.5
2026-01-23,11673.95,11477.8,-1.68,0.0,positive,negative,1.5
2026-01-27,11710.6,11829.65,1.017,0.0,negative,positive,0.5
2026-01-28,11911.05,12106.45,1.64,0.0,neutral,positive,1.5
2026-01-29,12193.85,12478.05,2.331,-0.625,positive,positive,2.5
2026-01-30,12265.2,11827.55,-3.568,0.0,positive,very negative,1.5
2026-02-02,11343.1,11561.55,1.926,0.28,positive,positive,2.5
2026-02-03,11984.55,11893.2,-0.762,0.5,positive,positive,2.5
2026-02-04,11959.7,12044.25,0.707,0.22,positive,negative,1.5
2026-02-05,11838.2,11921.2,0.701,-0.78,negative,positive,0.5
2026-02-06,11823.75,11943.15,1.01,-1.0,positive,negative,1.5
2026-02-09,12129.05,12129.45,0.003,0.0,positive,positive,2.5
2026-02-10,12194.1,12228.3,0.28,-1.0,negative,negative,-0.5
2026-02-11,12278.5,12276.55,-0.016,0.0,negative,very negative,-0.5
2026-02-12,12257.3,12279.2,0.179,0.5,neutral,positive,1.5
2026-02-13,12073.9,11872.8,-1.666,0.12,positive,positive,2.5
2026-02-16,11776.55,11955.0,1.515,1.0,negative,positive,-1.5
2026-02-17,11903.25,11828.4,-0.629,-0.5,negative,negative,-2.5
2026-02-18,11856.1,11985.75,1.094,-0.5,positive,positive,2.5
2026-02-19,12079.45,11842.4,-1.962,0.5,positive,positive,2.5
2026-02-20,11856.35,11989.95,1.127,-1.0,positive,positive,2.5
2026-02-23,12109.8,11962.75,-1.214,0.0,positive,positive,2.5
2026-02-24,11934.45,12073.85,1.168,0.5,positive,very negative,1.5
2026-02-25,12180.95,12399.4,1.793,0.5,negative,negative,-0.5
2026-02-26,12453.45,12448.0,-0.044,-1.0,neutral,positive,1.5
2026-02-27,12416.55,12240.65,-1.417,-0.5,positive,positive,2.5
2026-03-02,11909.9,12269.8,3.022,-0.28,negative,negative,-0.5
2026-03-04,12073.0,11779.75,-2.429,0.22,positive,negative,1.5
2026-03-05,11861.05,12049.2,1.586,0.22,positive,negative,1.5
2026-03-06,12013.65,12000.45,-0.11,0.5,positive,positive,2.5
2026-03-09,11751.7,11688.8,-0.535,0.0,positive,positive,2.5
2026-03-10,11835.35,11868.5,0.28,0.0,positive,positive,2.5
2026-03-11,11929.2,11822.1,-0.898,0.72,positive,negative,1.5
2026-03-12,11833.75,11863.9,0.255,0.0,negative,negative,-0.5
2026-03-13,11801.15,11292.5,-4.31,0.06,neutral,very negative,0.5
2026-03-16,11262.25,11318.0,0.495,-0.34,positive,positive,2.5
2026-03-17,11380.6,11637.35,2.256,-1.0,positive,positive,2.5
2026-03-18,11635.75,11625.45,-0.089,-0.5,negative,positive,-1.5
2026-03-19,11389.55,11249.35,-1.231,-0.5,positive,positive,0.5
2026-03-20,11295.55,11412.75,1.038,0.06,positive,positive,2.5
2026-03-23,11215.15,10863.45,-3.136,0.5,positive,negative,1.5
2026-03-24,11114.2,11059.15,-0.495,0.5,positive,positive,2.5
2026-03-25,11195.3,11342.2,1.312,0.12,positive,positive,2.5
2026-03-27,11224.5,11161.65,-0.56,-1.0,negative,negative,-0.5
2026-03-30,11154.9,11138.4,-0.148,-0.78,positive,negative,1.5
2026-04-01,11447.55,11412.05,-0.31,0.56,positive,positive,2.5
2026-04-02,11307.05,11456.6,1.323,0.5,positive,negative,1.5
2026-04-06,11431.4,11583.5,1.331,-1.0,negative,negative,-0.5
2026-04-07,11602.7,11762.65,1.379,-1.0,positive,very negative,1.5
2026-04-08,12065.1,12078.95,0.115,0.0,positive,positive,2.5
2026-04-09,12089.85,12229.7,1.157,0.0,positive,negative,1.5
2026-04-10,12317.05,12356.4,0.319,1.0,positive,positive,2.5
2026-04-13,12147.75,12329.3,1.495,0.0,positive,positive,2.5
2026-04-15,12594.9,12548.0,-0.372,0.0,positive,positive,2.5
2026-04-16,12629.7,12740.2,0.875,0.5,negative,positive,0.5
2026-04-17,12756.0,12880.0,0.972,0.06,negative,negative,-2.5
2026-04-20,12854.6,12829.65,-0.194,1.0,negative,positive,0.5
2026-04-21,12919.0,12835.0,-0.65,0.72,positive,positive,2.5
2026-04-22,12862.45,12892.2,0.231,0.0,positive,positive,2.5
2026-04-23,12884.8,12786.25,-0.765,1.0,positive,negative,1.5
2026-04-24,12778.95,12746.65,-0.253,0.0,positive,negative,1.5
2026-04-27,12851.1,12980.85,1.01,-0.12,positive,negative,1.5
2026-04-28,13002.7,13046.45,0.336,0.12,positive,very negative,1.5
2026-04-29,13103.2,13111.35,0.062,-0.5,positive,positive,2.5
2026-04-30,13056.0,12833.05,-1.708,0.22,negative,positive,0.5
2026-05-04,12911.15,12972.7,0.477,-1.0,positive,negative,1.5
2026-05-05,12955.2,12989.6,0.266,0.0,negative,positive,0.5
2026-05-06,13131.6,13129.55,-0.016,-1.0,positive,positive,2.5
2026-05-07,13182.65,13165.4,-0.131,-0.16,positive,positive,2.5
2026-05-08,13156.0,13050.95,-0.798,0.0,positive,positive,2.5
2026-05-11,12997.55,12926.4,-0.547,0.5,negative,positive,0.5
2026-05-12,12945.75,12881.4,-0.497,-0.5,neutral,very negative,0.5
2026-05-13,12949.6,13290.8,2.635,0.5,positive,negative,1.5
2026-05-14,13424.45,13562.25,1.026,0.0,positive,positive,2.5
2026-05-15,13628.65,13300.6,-2.407,0.5,negative,positive,0.5
2026-05-18,13157.65,13169.95,0.093,1.0,positive,positive,2.5
2026-05-19,13209.2,13163.75,-0.344,0.06,positive,negative,1.5
2026-05-20,13069.75,13186.5,0.893,0.5,negative,negative,-0.5
2026-05-21,13312.05,13213.5,-0.74,-0.16,positive,negative,1.5
2026-05-22,13239.15,13271.6,0.245,-0.16,positive,negative,1.5
2026-05-25,13355.7,13345.65,-0.075,0.0,neutral,positive,1.5
2026-05-26,13350.2,13492.55,1.066,-0.5,positive,negative,1.5
2026-05-27,13556.7,13718.3,1.192,0.28,positive,very negative,1.5
2026-05-29,13828.8,13440.95,-2.805,-0.5,positive,negative,1.5
2026-06-01,13505.15,13506.55,0.01,-0.12,positive,positive,2.5
2026-06-02,13470.55,13557.65,0.647,0.0,positive,positive,2.5
2026-06-03,13588.7,13535.2,-0.394,0.0,positive,positive,2.5
2026-06-04,13492.85,13436.0,-0.421,0.06,negative,positive,0.5
2026-06-05,13438.35,13221.65,-1.613,-1.0,positive,positive,2.5
2026-06-08,13011.1,12913.65,-0.749,0.0,positive,negative,1.5
2026-06-09,12968.45,12987.1,0.144,0.0,negative,positive,0.5
2026-06-10,12963.5,12766.45,-1.52,0.78,neutral,positive,1.5
2026-06-11,12664.55,12733.6,0.545,0.5,positive,positive,2.5
2026-06-12,12928.3,12854.5,-0.571,0.0,positive,negative,1.5
2026-06-15,13004.9,13083.85,0.607,0.34,positive,negative,-0.5
2026-06-16,12984.5,12881.5,-0.793,-1.0,positive,positive,2.5
2026-06-17,12848.95,13011.4,1.264,0.5,positive,negative,1.5
2026-06-18,13008.2,13010.4,0.017,-0.06,negative,very negative,-0.5
2026-06-19,12928.5,13020.8,0.714,-0.72,positive,positive,2.5
2026-06-22,13053.85,13091.2,0.286,-1.0,positive,very negative,1.5
2026-06-23,12987.7,12669.1,-2.453,0.5,negative,positive,0.5
2026-06-24,12611.95,12618.75,0.054,0.0,neutral,negative,0.5
2026-06-25,12561.5,12445.65,-0.922,-0.5,positive,positive,2.5
2026-06-29,12447.15,12545.0,0.786,0.0,positive,positive,2.5
2026-06-30,12529.25,12519.15,-0.081,0.12,positive,positive,2.5
2026-07-01,12515.3,12394.75,-0.963,0.28,positive,positive,2.5
2026-07-02,12450.85,12503.9,0.426,0.0,positive,very negative,1.5
2026-07-03,12653.8,12598.45,-0.437,0.5,positive,negative,1.5
2026-07-06,12648.2,12722.45,0.587,-0.16,positive,positive,2.5
2026-07-07,12689.6,12582.75,-0.842,0.0,positive,positive,2.5
2026-07-08,12482.25,12468.7,-0.109,0.5,positive,negative,1.5
2026-07-09,12506.35,12503.3,-0.024,0.0,negative,positive,0.5
2026-07-10,12626.2,12688.9,0.497,0.44,positive,negative,1.5
2026-07-13,12584.7,12601.45,0.133,0.0,negative,negative,-2.5
2026-07-14,12566.35,12677.7,0.886,0.23,negative,very negative,-2.5
2026-07-15,12700.3,12536.9,-1.287,0.34,positive,positive,2.5
2026-07-16,12620.9,12495.9,-0.99,-0.16,positive,negative,1.5
2026-07-17,12486.5,12436.95,-0.397,0.5,negative,very negative,-0.5
2026-08-11,13261.3,13100.8,-1.21,0.16,negative,negative,-0.5
